index,status,title,slug,sku,verificationStatus,managedImageCount,legacyImageUrlCount,managedImageUrls,legacyImageUrls,sourceUrl
1,MANAGED_MULTI_REVIEW,2-Accessory Connector,somnosuite-y-adapter,10-4500-09,UNVERIFIED,6,7,https://cdn.sanity.io/images/9b5twpc8/production/d2fc850b1d5739d56ad9a82d0ea2a9ce1392fd1e-700x700.png | https://cdn.sanity.io/images/9b5twpc8/production/79fe746515305d8f1c54663267ed2260fef41214-700x700.png | https://cdn.sanity.io/images/9b5twpc8/production/9956849d5fa400fdd4986f04ee460b754d06ff19-100x100.png | https://cdn.sanity.io/images/9b5twpc8/production/1f174ea66eea81b5fe12de9aa58bf32c586a6ed8-100x100.png | https://cdn.sanity.io/images/9b5twpc8/production/66f5b5f2537cc7b597734daf52ad074237d68348-100x100.png | https://cdn.sanity.io/images/9b5twpc8/production/c7e7cef91703ad046c96e2feaf3825eb508c34ec-100x100.png,https://cdn.sanity.io/images/9b5twpc8/production/d2fc850b1d5739d56ad9a82d0ea2a9ce1392fd1e-700x700.png | https://cdn.sanity.io/images/9b5twpc8/production/79fe746515305d8f1c54663267ed2260fef41214-700x700.png | https://cdn.sanity.io/images/9b5twpc8/production/9956849d5fa400fdd4986f04ee460b754d06ff19-100x100.png | https://cdn.sanity.io/images/9b5twpc8/production/1f174ea66eea81b5fe12de9aa58bf32c586a6ed8-100x100.png | https://cdn.sanity.io/images/9b5twpc8/production/66f5b5f2537cc7b597734daf52ad074237d68348-100x100.png | https://cdn.sanity.io/images/9b5twpc8/production/c7e7cef91703ad046c96e2feaf3825eb508c34ec-100x100.png | https://www.kentscientific.com/wp-content/uploads/2025/09/SOMNO-0602_10-4500_4_5-600x600.png,https://www.kentscientific.com/products/somnosuite-y-adapter/
2,MANAGED_MULTI_REVIEW,3 Accessory Connector,3-accessory-connector,10-1000-185,UNVERIFIED,4,1,https://cdn.sanity.io/images/9b5twpc8/production/5df29c5a2343df2555c8b249d66085c351b586e1-700x700.png | https://cdn.sanity.io/images/9b5twpc8/production/2396abcd4e8e3c2a5dfe46c00c2f096224a076f3-100x100.png | https://cdn.sanity.io/images/9b5twpc8/production/4e2868249f4dd42b7ed3ae6b4ef8f097b4f64cde-100x100.png | https://cdn.sanity.io/images/9b5twpc8/production/56e01a83cb614dfcde6e61aeb241ada4d8fd89a0-100x100.png,https://www.kentscientific.com/wp-content/uploads/2025/09/CBL-ANAOUT-MINI_4_5.png,https://www.kentscientific.com/products/3-accessory-connector/
3,MANAGED_MULTI_REVIEW,AC Adapters and Power Cords,ac-adapters-and-power-cords,10-1000-32,UNVERIFIED,4,3,https://cdn.sanity.io/images/9b5twpc8/production/cbd57f22a5e2f103b478383a29230d5077467a91-700x700.png | https://cdn.sanity.io/images/9b5twpc8/production/56e01a83cb614dfcde6e61aeb241ada4d8fd89a0-100x100.png | https://cdn.sanity.io/images/9b5twpc8/production/2396abcd4e8e3c2a5dfe46c00c2f096224a076f3-100x100.png | https://cdn.sanity.io/images/9b5twpc8/production/63aed9fb2b603b01f99b2b6d0f19f4a1d2324d68-100x100.png,https://www.kentscientific.com/wp-content/uploads/2025/09/10-1000-32_silo.png | https://www.kentscientific.com/wp-content/uploads/2025/09/10-1000-35_silo.png | https://www.kentscientific.com/wp-content/uploads/2025/09/PWRCRD-US_silo.png,https://www.kentscientific.com/products/ac-adapters-and-power-cords/
4,MANAGED_MULTI_REVIEW,Accuris™ Mini Balances,accuris-mini-balances,SCL-W1005-100,UNVERIFIED,3,2,https://cdn.sanity.io/images/9b5twpc8/production/cd4caa893ccef63e4ffffd018edd982ce058a7a2-700x700.png | https://cdn.sanity.io/images/9b5twpc8/production/e721c9e1bbac53a82037651e189993365625f1b5-100x100.png | https://cdn.sanity.io/images/9b5twpc8/production/b7e21572688035011abf1f861ac0787460a91833-100x100.png,https://www.kentscientific.com/wp-content/uploads/2025/09/W4000-2.png | https://www.kentscientific.com/wp-content/uploads/2025/09/SCL-W1005-100-2.png,https://www.kentscientific.com/products/accuris-mini-balances/
5,MANAGED_MULTI_REVIEW,Acrylic Brain Matrices,acrylic-brain-matrices,RBMA-200C,UNVERIFIED,6,1,https://cdn.sanity.io/images/9b5twpc8/production/a721c5b3b6d81d80286ca2bb75158bd73734ac51-700x700.png | https://cdn.sanity.io/images/9b5twpc8/production/712729ee63dc21afe09ec9dcf202f9e4f30ccbcd-100x100.png | https://cdn.sanity.io/images/9b5twpc8/production/5df0b5b9b2ba5c640bd631067d680d5c1c739a10-100x100.png | https://cdn.sanity.io/images/9b5twpc8/production/40e628f0f2b80c301460982e01cf5838e74a9673-300x207.jpg | https://cdn.sanity.io/images/9b5twpc8/production/a0f7df053aba73eb6c27fd78613cba647c008e08-300x207.jpg | https://cdn.sanity.io/images/9b5twpc8/production/f39c611921cbfd29e957ce5661ae9bd6f0828aed-168x142.jpg,https://www.kentscientific.com/wp-content/uploads/2025/09/BRAIN_MATRIX_ACR_ANGLE_silo.png,https://www.kentscientific.com/products/acrylic-brain-matrices/
6,MANAGED_MULTI_REVIEW,Activated Charcoal Absorption Filters,activated-charcoal-absorption-filters-1,10-2001-8,UNVERIFIED,6,2,https://cdn.sanity.io/images/9b5twpc8/production/322751785dcf6a2fbdca347667d01459849dbee0-700x700.png | https://cdn.sanity.io/images/9b5twpc8/production/49c3317f6f6c096ebfc9961ced645149d7a8ac02-700x700.png | https://cdn.sanity.io/images/9b5twpc8/production/63aed9fb2b603b01f99b2b6d0f19f4a1d2324d68-100x100.png | https://cdn.sanity.io/images/9b5twpc8/production/cc8fab9871bb521d593934595de2cf65255ce8b2-100x100.png | https://cdn.sanity.io/images/9b5twpc8/production/56e01a83cb614dfcde6e61aeb241ada4d8fd89a0-100x100.png | https://cdn.sanity.io/images/9b5twpc8/production/001b68a75b33afd01ae48abfe74058e2705ceaa4-100x100.png,https://www.kentscientific.com/wp-content/uploads/2025/09/SOMNO-2001-8_silo.png | https://www.kentscientific.com/wp-content/uploads/2025/09/SOMNO-2001H_ANG_silo.png,https://www.kentscientific.com/products/activated-charcoal-absorption-filters-1/
7,MANAGED_MULTI_REVIEW,Aeroneb® Lab Control Module,aeroneb-lab-control-module,NEB-7000,UNVERIFIED,5,1,https://cdn.sanity.io/images/9b5twpc8/production/ed52dc8917140deef9d278dfb0cd2345393d83be-700x700.png | https://cdn.sanity.io/images/9b5twpc8/production/a00c6ea116e391c4f9df7231fe013446e7b5ed99-100x100.png | https://cdn.sanity.io/images/9b5twpc8/production/6a2c047f542e7f39870cbe5ce4e284da4217b581-100x100.png | https://cdn.sanity.io/images/9b5twpc8/production/1bae060bf9fe2c40e367ea65efd1874a73846ef2-200x193.jpg | https://cdn.sanity.io/images/9b5twpc8/production/c15ce582d823ca9b2a94fc75ea66021cd8f144f0-200x191.jpg,https://www.kentscientific.com/wp-content/uploads/2025/09/Aeroneb-Lab.png,https://www.kentscientific.com/products/aeroneb-lab-control-module/
8,MANAGED_MULTI_REVIEW,Aeroneb® Lab Control Module Kit,aeroneb-lab-control-module-kit,NEB-7000SM,UNVERIFIED,4,1,https://cdn.sanity.io/images/9b5twpc8/production/7d8e83aae52313f1bc43558ef5395d139bc5a09f-700x700.png | https://cdn.sanity.io/images/9b5twpc8/production/227897f494ec9ad728c324cb0ca8ddb86c315e63-100x100.png | https://cdn.sanity.io/images/9b5twpc8/production/e344fffc2ee1cb9033a285e90112077683e076be-100x100.png | https://cdn.sanity.io/images/9b5twpc8/production/437a1bd79fd4cc9b5bcdc03853d178fd2758145b-100x100.png,https://www.kentscientific.com/wp-content/uploads/2025/09/NEB-7000SM-1.png,https://www.kentscientific.com/products/aeroneb-lab-control-module-kit/
9,MANAGED_MULTI_REVIEW,Aeroneb® Lab Nebulizer,aeroneb-lab-nebulizer-unit,NEB-1000,UNVERIFIED,4,2,https://cdn.sanity.io/images/9b5twpc8/production/1d30c2926aa03f676ced3e3844bb51ddbb2827aa-700x700.png | https://cdn.sanity.io/images/9b5twpc8/production/6a2c047f542e7f39870cbe5ce4e284da4217b581-100x100.png | https://cdn.sanity.io/images/9b5twpc8/production/a00c6ea116e391c4f9df7231fe013446e7b5ed99-100x100.png | https://cdn.sanity.io/images/9b5twpc8/production/4fda6ee4f67b57dc88cfaa2d7d59e672de5fd2b9-100x100.png,https://www.kentscientific.com/wp-content/uploads/2025/09/neb-1100-1.png | https://www.kentscientific.com/wp-content/uploads/2025/09/OCC-L_cuff_only-1.png,https://www.kentscientific.com/products/aeroneb-lab-nebulizer-unit/
10,MANAGED_MULTI_REVIEW,Analog Output Cable,analog-output-cable,CBL-ANAOUT-MINI,UNVERIFIED,4,1,https://cdn.sanity.io/images/9b5twpc8/production/571dc7fad45d88df694612a42833adf0c6e29419-700x700.png | https://cdn.sanity.io/images/9b5twpc8/production/43eef70cd96e9bfc895d061d61dac7bfe08c7974-100x100.png | https://cdn.sanity.io/images/9b5twpc8/production/9779765080e1d8811fb7e021237fb5149894e163-100x100.png | https://cdn.sanity.io/images/9b5twpc8/production/48e24f4b27b41f64b2399b87fba003bf7e3fee23-100x100.png,https://www.kentscientific.com/wp-content/uploads/2025/09/CBL-ANAOUT-MINI_4_5-1.png,https://www.kentscientific.com/products/analog-output-cable/
11,MANAGED_MULTI_REVIEW,Anesthesia Mask Nebulizer Delivery System,anesthesia-mask-nebulizer-delivery-system,NEB-0801,UNVERIFIED,6,2,https://cdn.sanity.io/images/9b5twpc8/production/ab2b6af813928ba3012ee098734b688c88b20d9b-700x700.png | https://cdn.sanity.io/images/9b5twpc8/production/061d006bde4dd17bbc207f7d4d58bb13ea87d737-700x700.png | https://cdn.sanity.io/images/9b5twpc8/production/4fda6ee4f67b57dc88cfaa2d7d59e672de5fd2b9-100x100.png | https://cdn.sanity.io/images/9b5twpc8/production/50d87bbd446086bc59d8c4f80802d257cc39ab90-100x100.png | https://cdn.sanity.io/images/9b5twpc8/production/6a2c047f542e7f39870cbe5ce4e284da4217b581-100x100.png | https://cdn.sanity.io/images/9b5twpc8/production/e9e4e4702b1ab39e73ef150683a3e598cad454a1-100x100.png,https://www.kentscientific.com/wp-content/uploads/2025/09/NEB-0801-1.png | https://www.kentscientific.com/wp-content/uploads/2025/09/Low_Profile_4_sizes__2.png,https://www.kentscientific.com/products/anesthesia-mask-nebulizer-delivery-system/
12,MANAGED_MULTI_REVIEW,Anesthesia Mask Tubing Kits for Intubation,anesthesia-mask-tubing-kits-for-intubation,N/A,UNVERIFIED,4,5,https://cdn.sanity.io/images/9b5twpc8/production/72bd67d75e72127592f3c36f8d2fc27d2b614907-700x700.png | https://cdn.sanity.io/images/9b5twpc8/production/9a5e47aade454004fda556f6e20698dc61fc0e8a-100x100.png | https://cdn.sanity.io/images/9b5twpc8/production/2396abcd4e8e3c2a5dfe46c00c2f096224a076f3-100x100.png | https://cdn.sanity.io/images/9b5twpc8/production/9e8edd9ab582b8aca5648aa5959c8bbfc759c291-100x100.png,https://cdn.sanity.io/images/9b5twpc8/production/72bd67d75e72127592f3c36f8d2fc27d2b614907-700x700.png | https://cdn.sanity.io/images/9b5twpc8/production/9a5e47aade454004fda556f6e20698dc61fc0e8a-100x100.png | https://cdn.sanity.io/images/9b5twpc8/production/2396abcd4e8e3c2a5dfe46c00c2f096224a076f3-100x100.png | https://cdn.sanity.io/images/9b5twpc8/production/9e8edd9ab582b8aca5648aa5959c8bbfc759c291-100x100.png | https://www.kentscientific.com/wp-content/uploads/2025/09/ETI-MSE-03_4_5-1-600x600.png,https://www.kentscientific.com/products/anesthesia-mask-tubing-kits-for-intubation/
13,MANAGED_MULTI_REVIEW,Anesthesia Masks Breathing Circuits for SomnoSuite®,anesthesia-masks-breathing-circuits-for-somnosuite,SOMNO-0304,UNVERIFIED,4,8,https://cdn.sanity.io/images/9b5twpc8/production/8587bb09b9fe3fbf8fcdf542f63616ad8175c287-700x700.png | https://cdn.sanity.io/images/9b5twpc8/production/001b68a75b33afd01ae48abfe74058e2705ceaa4-100x100.png | https://cdn.sanity.io/images/9b5twpc8/production/63aed9fb2b603b01f99b2b6d0f19f4a1d2324d68-100x100.png | https://cdn.sanity.io/images/9b5twpc8/production/3d00498005a82c1847b3b86cdcb000cb46b3af26-100x100.png,https://cdn.sanity.io/images/9b5twpc8/production/8587bb09b9fe3fbf8fcdf542f63616ad8175c287-700x700.png | https://cdn.sanity.io/images/9b5twpc8/production/001b68a75b33afd01ae48abfe74058e2705ceaa4-100x100.png | https://cdn.sanity.io/images/9b5twpc8/production/63aed9fb2b603b01f99b2b6d0f19f4a1d2324d68-100x100.png | https://cdn.sanity.io/images/9b5twpc8/production/3d00498005a82c1847b3b86cdcb000cb46b3af26-100x100.png | https://www.kentscientific.com/wp-content/uploads/2025/09/SOMNO-0304_copy-600x600.png | https://www.kentscientific.com/wp-content/uploads/2025/09/SOMNO-0305_copy-600x600.png | https://www.kentscientific.com/wp-content/uploads/2025/09/SOMNO-0306_copy-600x600.png | https://www.kentscientific.com/wp-content/uploads/2025/09/SOMNO-0306_copy-1-600x600.png,https://www.kentscientific.com/products/anesthesia-masks-breathing-circuits-for-somnosuite/
14,MANAGED_MULTI_REVIEW,Anesthesia Masks Breathing Circuits for Traditional Vaporizers,anesthesia-masks-breathing-circuits-for-traditional-vaporizers,VETFLO-0304,UNVERIFIED,4,9,https://cdn.sanity.io/images/9b5twpc8/production/a03e2b5cef57aaf12ef4904f509506f52b2c5f46-700x700.png | https://cdn.sanity.io/images/9b5twpc8/production/3d00498005a82c1847b3b86cdcb000cb46b3af26-100x100.png | https://cdn.sanity.io/images/9b5twpc8/production/001b68a75b33afd01ae48abfe74058e2705ceaa4-100x100.png | https://cdn.sanity.io/images/9b5twpc8/production/cdc62a90a6995cc5e45c01e4a4cd668bbecbf84c-100x100.png,https://cdn.sanity.io/images/9b5twpc8/production/a03e2b5cef57aaf12ef4904f509506f52b2c5f46-700x700.png | https://cdn.sanity.io/images/9b5twpc8/production/3d00498005a82c1847b3b86cdcb000cb46b3af26-100x100.png | https://cdn.sanity.io/images/9b5twpc8/production/001b68a75b33afd01ae48abfe74058e2705ceaa4-100x100.png | https://cdn.sanity.io/images/9b5twpc8/production/cdc62a90a6995cc5e45c01e4a4cd668bbecbf84c-100x100.png | https://www.kentscientific.com/wp-content/uploads/2025/09/VETFLO-0304_copy-600x600.png | https://www.kentscientific.com/wp-content/uploads/2025/09/VETFLO-0305_copy-600x600.png | https://www.kentscientific.com/wp-content/uploads/2025/09/VETFLO-0306_copy-600x600.png | https://www.kentscientific.com/wp-content/uploads/2025/09/VETFLO-0307_copy-600x600.png | https://www.kentscientific.com/wp-content/uploads/2025/09/VETFLO-0308_copy-600x600.png,https://www.kentscientific.com/products/anesthesia-masks-breathing-circuits-for-traditional-vaporizers/
15,MANAGED_MULTI_REVIEW,Anesthetic Depth Indicator,anesthetic-depth-indicator,ANEST-IND,UNVERIFIED,4,4,https://cdn.sanity.io/images/9b5twpc8/production/fcf31ed961e11bc08fd8e6f09e8f28aec955449d-700x700.png | https://cdn.sanity.io/images/9b5twpc8/production/cdc62a90a6995cc5e45c01e4a4cd668bbecbf84c-100x100.png | https://cdn.sanity.io/images/9b5twpc8/production/3d00498005a82c1847b3b86cdcb000cb46b3af26-100x100.png | https://cdn.sanity.io/images/9b5twpc8/production/47ae432ae2c64f50025e85e53bfd972fe5cfd76d-100x100.png,https://cdn.sanity.io/images/9b5twpc8/production/fcf31ed961e11bc08fd8e6f09e8f28aec955449d-700x700.png | https://cdn.sanity.io/images/9b5twpc8/production/cdc62a90a6995cc5e45c01e4a4cd668bbecbf84c-100x100.png | https://cdn.sanity.io/images/9b5twpc8/production/3d00498005a82c1847b3b86cdcb000cb46b3af26-100x100.png | https://cdn.sanity.io/images/9b5twpc8/production/47ae432ae2c64f50025e85e53bfd972fe5cfd76d-100x100.png,https://www.kentscientific.com/products/anesthetic-depth-indicator/
16,MANAGED_MULTI_REVIEW,Angled 5 Tweezer Kit,angled-5-tweezer-kit,INS750-KIT,UNVERIFIED,3,3,https://cdn.sanity.io/images/9b5twpc8/production/260be2163d057252d1039afcf5b36bec6a88871b-700x700.png | https://cdn.sanity.io/images/9b5twpc8/production/c10a29b983310302969ac4a2da0e0ed2b399db93-100x100.png | https://cdn.sanity.io/images/9b5twpc8/production/a48b64a70a1206be9218eb3a2380bc434fd38509-100x100.png,https://cdn.sanity.io/images/9b5twpc8/production/260be2163d057252d1039afcf5b36bec6a88871b-700x700.png | https://cdn.sanity.io/images/9b5twpc8/production/c10a29b983310302969ac4a2da0e0ed2b399db93-100x100.png | https://cdn.sanity.io/images/9b5twpc8/production/a48b64a70a1206be9218eb3a2380bc434fd38509-100x100.png,https://www.kentscientific.com/products/angled-5-tweezer-kit/
17,MANAGED_MULTI_REVIEW,Animal Chamber Nebulizer Delivery System,chamber-nebulizer-delivery-system,NEB-0530LG,UNVERIFIED,4,5,https://cdn.sanity.io/images/9b5twpc8/production/029fe73eae7aa3c0b75aface0d4490c74900f986-700x700.png | https://cdn.sanity.io/images/9b5twpc8/production/e9e4e4702b1ab39e73ef150683a3e598cad454a1-100x100.png | https://cdn.sanity.io/images/9b5twpc8/production/4fda6ee4f67b57dc88cfaa2d7d59e672de5fd2b9-100x100.png | https://cdn.sanity.io/images/9b5twpc8/production/f788c5cfc13a2c21c1ba5b6362bb05e789e2e395-100x100.png,https://cdn.sanity.io/images/9b5twpc8/production/029fe73eae7aa3c0b75aface0d4490c74900f986-700x700.png | https://cdn.sanity.io/images/9b5twpc8/production/e9e4e4702b1ab39e73ef150683a3e598cad454a1-100x100.png | https://cdn.sanity.io/images/9b5twpc8/production/4fda6ee4f67b57dc88cfaa2d7d59e672de5fd2b9-100x100.png | https://cdn.sanity.io/images/9b5twpc8/production/f788c5cfc13a2c21c1ba5b6362bb05e789e2e395-100x100.png | https://www.kentscientific.com/wp-content/uploads/2025/09/NEB-0705-600x600.png,https://www.kentscientific.com/products/chamber-nebulizer-delivery-system/
18,MANAGED_MULTI_REVIEW,Animal Holder Nebulizer Delivery System,nose-cone-nebulizer-delivery-system,NEB-MS,UNVERIFIED,5,6,https://cdn.sanity.io/images/9b5twpc8/production/d4f736a48de50081a5d3ad34e4951f8b3baf05ff-700x700.png | https://cdn.sanity.io/images/9b5twpc8/production/3031ac81c7ff714ebe85ef59ff3373ede813e900-700x700.png | https://cdn.sanity.io/images/9b5twpc8/production/437a1bd79fd4cc9b5bcdc03853d178fd2758145b-100x100.png | https://cdn.sanity.io/images/9b5twpc8/production/6555665888dc95204e95ff3d497d264af237c8eb-100x100.png | https://cdn.sanity.io/images/9b5twpc8/production/227897f494ec9ad728c324cb0ca8ddb86c315e63-100x100.png,https://cdn.sanity.io/images/9b5twpc8/production/d4f736a48de50081a5d3ad34e4951f8b3baf05ff-700x700.png | https://cdn.sanity.io/images/9b5twpc8/production/3031ac81c7ff714ebe85ef59ff3373ede813e900-700x700.png | https://cdn.sanity.io/images/9b5twpc8/production/437a1bd79fd4cc9b5bcdc03853d178fd2758145b-100x100.png | https://cdn.sanity.io/images/9b5twpc8/production/6555665888dc95204e95ff3d497d264af237c8eb-100x100.png | https://cdn.sanity.io/images/9b5twpc8/production/227897f494ec9ad728c324cb0ca8ddb86c315e63-100x100.png | https://www.kentscientific.com/wp-content/uploads/2025/09/NEB-MM_All_Items-2-1-600x600.png,https://www.kentscientific.com/products/nose-cone-nebulizer-delivery-system/
19,MANAGED_MULTI_REVIEW,Animal Weighing Scale,animal-weighing-scale,SCL-4000,UNVERIFIED,4,4,https://cdn.sanity.io/images/9b5twpc8/production/a2d0fe572fb06e082f291d5946f583ef1c7fcd90-700x700.png | https://cdn.sanity.io/images/9b5twpc8/production/b7e21572688035011abf1f861ac0787460a91833-100x100.png | https://cdn.sanity.io/images/9b5twpc8/production/e721c9e1bbac53a82037651e189993365625f1b5-100x100.png | https://cdn.sanity.io/images/9b5twpc8/production/ad0bb8024a82ccb2a91874db723a54cec17fa8cc-100x100.png,https://cdn.sanity.io/images/9b5twpc8/production/a2d0fe572fb06e082f291d5946f583ef1c7fcd90-700x700.png | https://cdn.sanity.io/images/9b5twpc8/production/b7e21572688035011abf1f861ac0787460a91833-100x100.png | https://cdn.sanity.io/images/9b5twpc8/production/e721c9e1bbac53a82037651e189993365625f1b5-100x100.png | https://cdn.sanity.io/images/9b5twpc8/production/ad0bb8024a82ccb2a91874db723a54cec17fa8cc-100x100.png,https://www.kentscientific.com/products/animal-weighing-scale/
20,MANAGED_MULTI_REVIEW,AniPill,anipill,,UNVERIFIED,3,3,https://cdn.sanity.io/images/9b5twpc8/production/404aaa5afafd98663f0e57443735c5fb22a30b35-700x700.png | https://cdn.sanity.io/images/9b5twpc8/production/041011e9737a91a5ce43195141212d7a61de7f77-100x100.png | https://cdn.sanity.io/images/9b5twpc8/production/99cabfa7b1566d7e2fcc4091960f1972131b3b01-100x100.png,https://cdn.sanity.io/images/9b5twpc8/production/404aaa5afafd98663f0e57443735c5fb22a30b35-700x700.png | https://cdn.sanity.io/images/9b5twpc8/production/041011e9737a91a5ce43195141212d7a61de7f77-100x100.png | https://cdn.sanity.io/images/9b5twpc8/production/99cabfa7b1566d7e2fcc4091960f1972131b3b01-100x100.png,https://www.kentscientific.com/products/anipill/
21,MANAGED_MULTI_REVIEW,Anti-Spill Device for Funnel Filled Vaporizers,anti-spill-device-for-funnel-filled-vaporizers,VETFLO-7105,UNVERIFIED,4,5,https://cdn.sanity.io/images/9b5twpc8/production/5f9eb8e22342fd60acf0704f8b47d8f8c2460f7f-700x700.png | https://cdn.sanity.io/images/9b5twpc8/production/47ae432ae2c64f50025e85e53bfd972fe5cfd76d-100x100.png | https://cdn.sanity.io/images/9b5twpc8/production/cdc62a90a6995cc5e45c01e4a4cd668bbecbf84c-100x100.png | https://cdn.sanity.io/images/9b5twpc8/production/cc8fab9871bb521d593934595de2cf65255ce8b2-100x100.png,https://cdn.sanity.io/images/9b5twpc8/production/5f9eb8e22342fd60acf0704f8b47d8f8c2460f7f-700x700.png | https://cdn.sanity.io/images/9b5twpc8/production/47ae432ae2c64f50025e85e53bfd972fe5cfd76d-100x100.png | https://cdn.sanity.io/images/9b5twpc8/production/cdc62a90a6995cc5e45c01e4a4cd668bbecbf84c-100x100.png | https://cdn.sanity.io/images/9b5twpc8/production/cc8fab9871bb521d593934595de2cf65255ce8b2-100x100.png | https://www.kentscientific.com/wp-content/uploads/2025/09/VetFlo-7105_7106_Blue-600x600.png,https://www.kentscientific.com/products/anti-spill-device-for-funnel-filled-vaporizers/
22,MANAGED_MULTI_REVIEW,"Anti-Spill, Anti-Vapor Bottle Top Adapter",somnosuite-anti-spill-anti-vapor-bottle-top-adapter,SOMNO-FILL-SEVO,UNVERIFIED,6,7,https://cdn.sanity.io/images/9b5twpc8/production/2c685265eb874ed930f944b441e2e302e6f275c3-700x700.png | https://cdn.sanity.io/images/9b5twpc8/production/9d067db3472119b4f5f1c06cdf155ef1249eff68-700x700.png | https://cdn.sanity.io/images/9b5twpc8/production/73c25f8b49e9f9e4ffbe9ad247b5fd5d453b864a-100x100.png | https://cdn.sanity.io/images/9b5twpc8/production/06faa698fce0de8f03cf3260bbf7ea40ddbfc6e4-100x100.png | https://cdn.sanity.io/images/9b5twpc8/production/7aebc56fabb64f58e6c51717e005dcd46c2a534f-100x100.png | https://cdn.sanity.io/images/9b5twpc8/production/66f5b5f2537cc7b597734daf52ad074237d68348-100x100.png,https://cdn.sanity.io/images/9b5twpc8/production/2c685265eb874ed930f944b441e2e302e6f275c3-700x700.png | https://cdn.sanity.io/images/9b5twpc8/production/9d067db3472119b4f5f1c06cdf155ef1249eff68-700x700.png | https://cdn.sanity.io/images/9b5twpc8/production/73c25f8b49e9f9e4ffbe9ad247b5fd5d453b864a-100x100.png | https://cdn.sanity.io/images/9b5twpc8/production/06faa698fce0de8f03cf3260bbf7ea40ddbfc6e4-100x100.png | https://cdn.sanity.io/images/9b5twpc8/production/7aebc56fabb64f58e6c51717e005dcd46c2a534f-100x100.png | https://cdn.sanity.io/images/9b5twpc8/production/66f5b5f2537cc7b597734daf52ad074237d68348-100x100.png | https://www.kentscientific.com/wp-content/uploads/2025/09/SOMNO-Fill-Iso_4_5_copy-600x600.png,https://www.kentscientific.com/products/somnosuite-anti-spill-anti-vapor-bottle-top-adapter/
23,MANAGED_MULTI_REVIEW,ARCO® SE Kit,arco-se,CL8786-KIT,UNVERIFIED,4,4,https://cdn.sanity.io/images/9b5twpc8/production/a5d785258261bb7414ef0039251c549f3f9249fe-700x700.png | https://cdn.sanity.io/images/9b5twpc8/production/ad0bb8024a82ccb2a91874db723a54cec17fa8cc-100x100.png | https://cdn.sanity.io/images/9b5twpc8/production/b7e21572688035011abf1f861ac0787460a91833-100x100.png | https://cdn.sanity.io/images/9b5twpc8/production/9e48b3a1814331a3c7cd199f6c58b3a6c30ec389-100x100.png,https://cdn.sanity.io/images/9b5twpc8/production/a5d785258261bb7414ef0039251c549f3f9249fe-700x700.png | https://cdn.sanity.io/images/9b5twpc8/production/ad0bb8024a82ccb2a91874db723a54cec17fa8cc-100x100.png | https://cdn.sanity.io/images/9b5twpc8/production/b7e21572688035011abf1f861ac0787460a91833-100x100.png | https://cdn.sanity.io/images/9b5twpc8/production/9e48b3a1814331a3c7cd199f6c58b3a6c30ec389-100x100.png,https://www.kentscientific.com/products/arco-se/
24,MANAGED_MULTI_REVIEW,Autoclip Applier,autoclip-applier,INS750545,UNVERIFIED,4,4,https://cdn.sanity.io/images/9b5twpc8/production/ef6e3ba1ba2474d83725603599e28f4dbebf828b-700x700.png | https://cdn.sanity.io/images/9b5twpc8/production/a48b64a70a1206be9218eb3a2380bc434fd38509-100x100.png | https://cdn.sanity.io/images/9b5twpc8/production/c10a29b983310302969ac4a2da0e0ed2b399db93-100x100.png | https://cdn.sanity.io/images/9b5twpc8/production/3568ca5eb5a6e42f54c2efbc902eadaf67090fc0-100x100.png,https://cdn.sanity.io/images/9b5twpc8/production/ef6e3ba1ba2474d83725603599e28f4dbebf828b-700x700.png | https://cdn.sanity.io/images/9b5twpc8/production/a48b64a70a1206be9218eb3a2380bc434fd38509-100x100.png | https://cdn.sanity.io/images/9b5twpc8/production/c10a29b983310302969ac4a2da0e0ed2b399db93-100x100.png | https://cdn.sanity.io/images/9b5twpc8/production/3568ca5eb5a6e42f54c2efbc902eadaf67090fc0-100x100.png,https://www.kentscientific.com/products/autoclip-applier/
25,MANAGED_MULTI_REVIEW,Autoclips 9 mm,autoclips-9-mm,INS750546,UNVERIFIED,3,3,https://cdn.sanity.io/images/9b5twpc8/production/3568ca5eb5a6e42f54c2efbc902eadaf67090fc0-100x100.png | https://cdn.sanity.io/images/9b5twpc8/production/a48b64a70a1206be9218eb3a2380bc434fd38509-100x100.png | https://cdn.sanity.io/images/9b5twpc8/production/a2075e2e5a92248984cba05d4894f7b8b2d7dfcb-100x100.png,https://cdn.sanity.io/images/9b5twpc8/production/3568ca5eb5a6e42f54c2efbc902eadaf67090fc0-100x100.png | https://cdn.sanity.io/images/9b5twpc8/production/a48b64a70a1206be9218eb3a2380bc434fd38509-100x100.png | https://cdn.sanity.io/images/9b5twpc8/production/a2075e2e5a92248984cba05d4894f7b8b2d7dfcb-100x100.png,https://www.kentscientific.com/products/autoclips-9-mm/
26,MANAGED_MULTI_REVIEW,Bluetooth Low Energy Handheld Reader,bluetooth-low-energy-handheld-reader,LID-710,UNVERIFIED,3,4,https://cdn.sanity.io/images/9b5twpc8/production/b85239d4c6ff98803dda9e35fe1b10bf63e21f47-700x700.png | https://cdn.sanity.io/images/9b5twpc8/production/fcb5e53ea413de8c822377d861c162d07d107477-100x100.png | https://cdn.sanity.io/images/9b5twpc8/production/ba1175af626710624e3a01d6e68f8123ad974219-100x100.png,https://cdn.sanity.io/images/9b5twpc8/production/b85239d4c6ff98803dda9e35fe1b10bf63e21f47-700x700.png | https://cdn.sanity.io/images/9b5twpc8/production/fcb5e53ea413de8c822377d861c162d07d107477-100x100.png | https://cdn.sanity.io/images/9b5twpc8/production/ba1175af626710624e3a01d6e68f8123ad974219-100x100.png | https://www.kentscientific.com/wp-content/uploads/2025/09/Bluetooth-reader-600x600.png,https://www.kentscientific.com/products/bluetooth-low-energy-handheld-reader/
27,MANAGED_MULTI_REVIEW,Cannula Adapter,cannula-adapter,3468ADH,UNVERIFIED,4,4,https://cdn.sanity.io/images/9b5twpc8/production/6b279cfc8e7b70cfc31daec2031f186dccb17b0d-700x700.png | https://cdn.sanity.io/images/9b5twpc8/production/48e24f4b27b41f64b2399b87fba003bf7e3fee23-100x100.png | https://cdn.sanity.io/images/9b5twpc8/production/43eef70cd96e9bfc895d061d61dac7bfe08c7974-100x100.png | https://cdn.sanity.io/images/9b5twpc8/production/315bc157f7cfc3037780183b98f10080aa04ff3c-100x100.png,https://cdn.sanity.io/images/9b5twpc8/production/6b279cfc8e7b70cfc31daec2031f186dccb17b0d-700x700.png | https://cdn.sanity.io/images/9b5twpc8/production/48e24f4b27b41f64b2399b87fba003bf7e3fee23-100x100.png | https://cdn.sanity.io/images/9b5twpc8/production/43eef70cd96e9bfc895d061d61dac7bfe08c7974-100x100.png | https://cdn.sanity.io/images/9b5twpc8/production/315bc157f7cfc3037780183b98f10080aa04ff3c-100x100.png,https://www.kentscientific.com/products/cannula-adapter/
28,MANAGED_MULTI_REVIEW,Castroviejo Needle Holder Serrated,castroviejo-needle-holder-serrated,INS600137,UNVERIFIED,4,4,https://cdn.sanity.io/images/9b5twpc8/production/658bb0ad4099d5951734bc817e7f6689c628c637-700x700.png | https://cdn.sanity.io/images/9b5twpc8/production/a2075e2e5a92248984cba05d4894f7b8b2d7dfcb-100x100.png | https://cdn.sanity.io/images/9b5twpc8/production/3568ca5eb5a6e42f54c2efbc902eadaf67090fc0-100x100.png | https://cdn.sanity.io/images/9b5twpc8/production/a13100b35209fcc1f34e1ca8ec3d70a6e106fc31-100x100.png,https://cdn.sanity.io/images/9b5twpc8/production/658bb0ad4099d5951734bc817e7f6689c628c637-700x700.png | https://cdn.sanity.io/images/9b5twpc8/production/a2075e2e5a92248984cba05d4894f7b8b2d7dfcb-100x100.png | https://cdn.sanity.io/images/9b5twpc8/production/3568ca5eb5a6e42f54c2efbc902eadaf67090fc0-100x100.png | https://cdn.sanity.io/images/9b5twpc8/production/a13100b35209fcc1f34e1ca8ec3d70a6e106fc31-100x100.png,https://www.kentscientific.com/products/castroviejo-needle-holder-serrated/
29,MANAGED_MULTI_REVIEW,CODA® Animal Holders,coda-animal-holders,HLD-ML,UNVERIFIED,3,10,https://cdn.sanity.io/images/9b5twpc8/production/3031ac81c7ff714ebe85ef59ff3373ede813e900-700x700.png | https://cdn.sanity.io/images/9b5twpc8/production/6555665888dc95204e95ff3d497d264af237c8eb-100x100.png | https://cdn.sanity.io/images/9b5twpc8/production/46c17bdf2e104007c99ed9de18a49153da432fe1-100x100.png,https://cdn.sanity.io/images/9b5twpc8/production/3031ac81c7ff714ebe85ef59ff3373ede813e900-700x700.png | https://cdn.sanity.io/images/9b5twpc8/production/6555665888dc95204e95ff3d497d264af237c8eb-100x100.png | https://cdn.sanity.io/images/9b5twpc8/production/46c17bdf2e104007c99ed9de18a49153da432fe1-100x100.png | https://www.kentscientific.com/wp-content/uploads/2025/09/holder-mouse-small-1-600x600.png | https://www.kentscientific.com/wp-content/uploads/2025/09/holder-mouse-medium-1-600x600.png | https://www.kentscientific.com/wp-content/uploads/2025/09/holder-mouse-large-1-600x600.png | https://www.kentscientific.com/wp-content/uploads/2025/09/holder-rat-small-1-600x600.png | https://www.kentscientific.com/wp-content/uploads/2025/09/holder-rat-medium-1-600x600.png | https://www.kentscientific.com/wp-content/uploads/2025/09/holder-rat-large-1-600x600.png | https://www.kentscientific.com/wp-content/uploads/2025/09/holder-rat-xlarge-1-600x600.png,https://www.kentscientific.com/products/coda-animal-holders/
30,MANAGED_MULTI_REVIEW,CODA® Cuff Storage Container,coda-cuff-storage-container,CODA-CSC,UNVERIFIED,6,6,https://cdn.sanity.io/images/9b5twpc8/production/fca1a5086a784fa123f9aabc84d8b8a32e435088-700x700.png | https://cdn.sanity.io/images/9b5twpc8/production/71324bf30b1b33edae07d0298154764e86f34eaf-721x700.png | https://cdn.sanity.io/images/9b5twpc8/production/46c17bdf2e104007c99ed9de18a49153da432fe1-100x100.png | https://cdn.sanity.io/images/9b5twpc8/production/ada0e04208c19686b6e64d43d36e666309fda5af-100x100.png | https://cdn.sanity.io/images/9b5twpc8/production/6555665888dc95204e95ff3d497d264af237c8eb-100x100.png | https://cdn.sanity.io/images/9b5twpc8/production/19238c4e54fc3882f869827674b7d80d31ff8e9f-100x100.png,https://cdn.sanity.io/images/9b5twpc8/production/fca1a5086a784fa123f9aabc84d8b8a32e435088-700x700.png | https://cdn.sanity.io/images/9b5twpc8/production/71324bf30b1b33edae07d0298154764e86f34eaf-721x700.png | https://cdn.sanity.io/images/9b5twpc8/production/46c17bdf2e104007c99ed9de18a49153da432fe1-100x100.png | https://cdn.sanity.io/images/9b5twpc8/production/ada0e04208c19686b6e64d43d36e666309fda5af-100x100.png | https://cdn.sanity.io/images/9b5twpc8/production/6555665888dc95204e95ff3d497d264af237c8eb-100x100.png | https://cdn.sanity.io/images/9b5twpc8/production/19238c4e54fc3882f869827674b7d80d31ff8e9f-100x100.png,https://www.kentscientific.com/products/coda-cuff-storage-container/
31,MANAGED_MULTI_REVIEW,CODA® Data Acquisition Software,coda-data-acquisition-software,CODA-PCS42,UNVERIFIED,4,4,https://cdn.sanity.io/images/9b5twpc8/production/18633d4ee873ac326604b8c85aa251f2eb8aeb25-700x700.png | https://cdn.sanity.io/images/9b5twpc8/production/19238c4e54fc3882f869827674b7d80d31ff8e9f-100x100.png | https://cdn.sanity.io/images/9b5twpc8/production/46c17bdf2e104007c99ed9de18a49153da432fe1-100x100.png | https://cdn.sanity.io/images/9b5twpc8/production/fc876f218405bacbb635c21e30cb0b3b86600e18-100x100.png,https://cdn.sanity.io/images/9b5twpc8/production/18633d4ee873ac326604b8c85aa251f2eb8aeb25-700x700.png | https://cdn.sanity.io/images/9b5twpc8/production/19238c4e54fc3882f869827674b7d80d31ff8e9f-100x100.png | https://cdn.sanity.io/images/9b5twpc8/production/46c17bdf2e104007c99ed9de18a49153da432fe1-100x100.png | https://cdn.sanity.io/images/9b5twpc8/production/fc876f218405bacbb635c21e30cb0b3b86600e18-100x100.png,https://www.kentscientific.com/products/coda-data-acquisition-software/
32,MANAGED_MULTI_REVIEW,CODA® High Throughput Cuff Kits,coda-high-throughput-cuff-kits,MSE-CUFFKIT,UNVERIFIED,11,15,https://cdn.sanity.io/images/9b5twpc8/production/71c388e8c7edd0a6942d43c7b13ad7dc713979c4-700x700.png | https://cdn.sanity.io/images/9b5twpc8/production/fc876f218405bacbb635c21e30cb0b3b86600e18-100x100.png | https://cdn.sanity.io/images/9b5twpc8/production/19238c4e54fc3882f869827674b7d80d31ff8e9f-100x100.png | https://cdn.sanity.io/images/9b5twpc8/production/504f673eb16599e3fde82a7cf28a108222c84424-100x100.png | https://cdn.sanity.io/images/9b5twpc8/production/b0b9e5a52490f1ea4e8025723fd10553e3db495b-960x672.jpg | https://cdn.sanity.io/images/9b5twpc8/production/139ac3048ea8f63411c3995d7bec8312adbc700d-654x638.webp | https://cdn.sanity.io/images/9b5twpc8/production/77af594cff1228a330f1446f4910e0f84ec25766-960x672.jpg | https://cdn.sanity.io/images/9b5twpc8/production/412702cf015bfe2121798556d996f29d6aadf157-960x672.jpg | https://cdn.sanity.io/images/9b5twpc8/production/9faead513f11fd9e23d89b8588aef6ae66ab2782-672x601.webp | https://cdn.sanity.io/images/9b5twpc8/production/8b3d13094fd975de14988396c5d1112ed3b7cccc-960x672.jpg | https://cdn.sanity.io/images/9b5twpc8/production/d7e85acc0283b08891f74f32eb1625df53a6c43a-672x612.webp,https://cdn.sanity.io/images/9b5twpc8/production/71c388e8c7edd0a6942d43c7b13ad7dc713979c4-700x700.png | https://cdn.sanity.io/images/9b5twpc8/production/fc876f218405bacbb635c21e30cb0b3b86600e18-100x100.png | https://cdn.sanity.io/images/9b5twpc8/production/19238c4e54fc3882f869827674b7d80d31ff8e9f-100x100.png | https://cdn.sanity.io/images/9b5twpc8/production/504f673eb16599e3fde82a7cf28a108222c84424-100x100.png | https://cdn.sanity.io/images/9b5twpc8/production/b0b9e5a52490f1ea4e8025723fd10553e3db495b-960x672.jpg | https://cdn.sanity.io/images/9b5twpc8/production/139ac3048ea8f63411c3995d7bec8312adbc700d-654x638.webp | https://cdn.sanity.io/images/9b5twpc8/production/77af594cff1228a330f1446f4910e0f84ec25766-960x672.jpg | https://cdn.sanity.io/images/9b5twpc8/production/412702cf015bfe2121798556d996f29d6aadf157-960x672.jpg | https://cdn.sanity.io/images/9b5twpc8/production/9faead513f11fd9e23d89b8588aef6ae66ab2782-672x601.webp | https://cdn.sanity.io/images/9b5twpc8/production/8b3d13094fd975de14988396c5d1112ed3b7cccc-960x672.jpg | https://cdn.sanity.io/images/9b5twpc8/production/d7e85acc0283b08891f74f32eb1625df53a6c43a-672x612.webp | https://www.kentscientific.com/wp-content/uploads/2025/09/MSE-CUFFKIT_cuffs_only_labeled-600x600.png | https://www.kentscientific.com/wp-content/uploads/2025/09/RAT-CUFFKIT_cuffs_only_labeled-600x600.png | https://www.kentscientific.com/wp-content/uploads/2025/09/RAT-CUFFKIT_cuffs_only_labeled-1-600x600.png | https://www.kentscientific.com/wp-content/uploads/2025/09/RAT-CUFFKIT_cuffs_only_labeled-2-600x600.png,https://www.kentscientific.com/products/coda-high-throughput-cuff-kits/
33,MANAGED_MULTI_REVIEW,CODA® High Throughput Occlusion Cuffs,coda-high-throughput-occlusion-cuffs,N/A,UNVERIFIED,3,8,https://cdn.sanity.io/images/9b5twpc8/production/2d161ece650e2284c62b807911bde18110221f33-700x700.png | https://cdn.sanity.io/images/9b5twpc8/production/4ba5c0ddd6551d4f7f076eaf3cc507d604e8a6ec-100x100.png | https://cdn.sanity.io/images/9b5twpc8/production/a9ce4b5dda85bf0bdb5c9aea2608a7bde67e8137-100x100.png,https://cdn.sanity.io/images/9b5twpc8/production/2d161ece650e2284c62b807911bde18110221f33-700x700.png | https://cdn.sanity.io/images/9b5twpc8/production/4ba5c0ddd6551d4f7f076eaf3cc507d604e8a6ec-100x100.png | https://cdn.sanity.io/images/9b5twpc8/production/a9ce4b5dda85bf0bdb5c9aea2608a7bde67e8137-100x100.png | https://www.kentscientific.com/wp-content/uploads/2025/09/OCC-XS_cuff_only-600x600.png | https://www.kentscientific.com/wp-content/uploads/2025/09/OCC-S_cuff_only-600x600.png | https://www.kentscientific.com/wp-content/uploads/2025/09/OCC-M_cuff_only-2-600x600.png | https://www.kentscientific.com/wp-content/uploads/2025/09/OCC-L_cuff_only-2-600x600.png | https://www.kentscientific.com/wp-content/uploads/2025/09/OCC-XL_cuff_only-600x600.png,https://www.kentscientific.com/products/coda-high-throughput-occlusion-cuffs/
34,MANAGED_MULTI_REVIEW,CODA® High Throughput System,coda-high-throughput-system,CODA-HT2,UNVERIFIED,7,8,https://cdn.sanity.io/images/9b5twpc8/production/7a19f18f85e4d55363cfa1757cc0dcd8e93ec87a-700x700.png | https://cdn.sanity.io/images/9b5twpc8/production/504f673eb16599e3fde82a7cf28a108222c84424-100x100.png | https://cdn.sanity.io/images/9b5twpc8/production/fc876f218405bacbb635c21e30cb0b3b86600e18-100x100.png | https://cdn.sanity.io/images/9b5twpc8/production/c8baf521b135845420e8a38c083d32a7eee0f104-300x216.jpg | https://cdn.sanity.io/images/9b5twpc8/production/e65a138f65e3b8f6d6f74856dcbc01702e58ecaf-300x175.jpg | https://cdn.sanity.io/images/9b5twpc8/production/38d1af37d4192bb2a861157a270e351a573a528b-47x48.svg | https://cdn.sanity.io/images/9b5twpc8/production/f8e3740e756054479c7ed4cd4fc176b2c76a5b63-112x54.png,https://cdn.sanity.io/images/9b5twpc8/production/7a19f18f85e4d55363cfa1757cc0dcd8e93ec87a-700x700.png | https://cdn.sanity.io/images/9b5twpc8/production/504f673eb16599e3fde82a7cf28a108222c84424-100x100.png | https://cdn.sanity.io/images/9b5twpc8/production/fc876f218405bacbb635c21e30cb0b3b86600e18-100x100.png | https://cdn.sanity.io/images/9b5twpc8/production/c8baf521b135845420e8a38c083d32a7eee0f104-300x216.jpg | https://cdn.sanity.io/images/9b5twpc8/production/e65a138f65e3b8f6d6f74856dcbc01702e58ecaf-300x175.jpg | https://cdn.sanity.io/images/9b5twpc8/production/38d1af37d4192bb2a861157a270e351a573a528b-47x48.svg | https://cdn.sanity.io/images/9b5twpc8/production/f8e3740e756054479c7ed4cd4fc176b2c76a5b63-112x54.png | https://www.kentscientific.com/wp-content/uploads/2025/09/CODA-High-Throughput-1-600x600.png,https://www.kentscientific.com/products/coda-high-throughput-system/
35,MANAGED_MULTI_REVIEW,CODA® High Throughput VPR Cuffs,coda-high-throughput-vpr-cuffs,N/A,UNVERIFIED,4,8,https://cdn.sanity.io/images/9b5twpc8/production/295ce0a4977bed4c3464ab0893a4b3edd6354243-700x700.png | https://cdn.sanity.io/images/9b5twpc8/production/a9ce4b5dda85bf0bdb5c9aea2608a7bde67e8137-100x100.png | https://cdn.sanity.io/images/9b5twpc8/production/c1a7f700b0f5522fe48fcf18fc90f7d3a5d85276-100x100.png | https://cdn.sanity.io/images/9b5twpc8/production/4ba5c0ddd6551d4f7f076eaf3cc507d604e8a6ec-100x100.png,https://cdn.sanity.io/images/9b5twpc8/production/295ce0a4977bed4c3464ab0893a4b3edd6354243-700x700.png | https://cdn.sanity.io/images/9b5twpc8/production/a9ce4b5dda85bf0bdb5c9aea2608a7bde67e8137-100x100.png | https://cdn.sanity.io/images/9b5twpc8/production/c1a7f700b0f5522fe48fcf18fc90f7d3a5d85276-100x100.png | https://cdn.sanity.io/images/9b5twpc8/production/4ba5c0ddd6551d4f7f076eaf3cc507d604e8a6ec-100x100.png | https://www.kentscientific.com/wp-content/uploads/2025/09/VPR-S_cuff_only-600x600.png | https://www.kentscientific.com/wp-content/uploads/2025/09/VPR-M_cuff_only-2-600x600.png | https://www.kentscientific.com/wp-content/uploads/2025/09/VPR-L_cuff_only-600x600.png | https://www.kentscientific.com/wp-content/uploads/2025/09/VPR-XL_cuff_only-600x600.png,https://www.kentscientific.com/products/coda-high-throughput-vpr-cuffs/
36,MANAGED_MULTI_REVIEW,CODA® Monitor,coda-monitor,CODA-M1,UNVERIFIED,8,8,https://cdn.sanity.io/images/9b5twpc8/production/e5719e22712d9219ea41890f715242c1b1dc5cf9-700x700.png | https://cdn.sanity.io/images/9b5twpc8/production/e20e97c370d1a6432fccec898198499b69295d72-100x100.png | https://cdn.sanity.io/images/9b5twpc8/production/fc876f218405bacbb635c21e30cb0b3b86600e18-100x100.png | https://cdn.sanity.io/images/9b5twpc8/production/5567d4773dc1ad17b4a1d112365fa99f8087c54f-100x100.png | https://cdn.sanity.io/images/9b5twpc8/production/c8baf521b135845420e8a38c083d32a7eee0f104-300x216.jpg | https://cdn.sanity.io/images/9b5twpc8/production/e65a138f65e3b8f6d6f74856dcbc01702e58ecaf-300x175.jpg | https://cdn.sanity.io/images/9b5twpc8/production/38d1af37d4192bb2a861157a270e351a573a528b-47x48.svg | https://cdn.sanity.io/images/9b5twpc8/production/f8e3740e756054479c7ed4cd4fc176b2c76a5b63-112x54.png,https://cdn.sanity.io/images/9b5twpc8/production/e5719e22712d9219ea41890f715242c1b1dc5cf9-700x700.png | https://cdn.sanity.io/images/9b5twpc8/production/e20e97c370d1a6432fccec898198499b69295d72-100x100.png | https://cdn.sanity.io/images/9b5twpc8/production/fc876f218405bacbb635c21e30cb0b3b86600e18-100x100.png | https://cdn.sanity.io/images/9b5twpc8/production/5567d4773dc1ad17b4a1d112365fa99f8087c54f-100x100.png | https://cdn.sanity.io/images/9b5twpc8/production/c8baf521b135845420e8a38c083d32a7eee0f104-300x216.jpg | https://cdn.sanity.io/images/9b5twpc8/production/e65a138f65e3b8f6d6f74856dcbc01702e58ecaf-300x175.jpg | https://cdn.sanity.io/images/9b5twpc8/production/38d1af37d4192bb2a861157a270e351a573a528b-47x48.svg | https://cdn.sanity.io/images/9b5twpc8/production/f8e3740e756054479c7ed4cd4fc176b2c76a5b63-112x54.png,https://www.kentscientific.com/products/coda-monitor/
37,MANAGED_MULTI_REVIEW,CODA® Monitor Animal Holders,nose-cone-animal-holders-with-stand,HLD-ML-T,UNVERIFIED,6,13,https://cdn.sanity.io/images/9b5twpc8/production/ef8c1fb0a6f80794dbcd54a6215924622de582f0-700x700.png | https://cdn.sanity.io/images/9b5twpc8/production/3031ac81c7ff714ebe85ef59ff3373ede813e900-700x700.png | https://cdn.sanity.io/images/9b5twpc8/production/9600a7330837546d4af5794ce381c9184f82f754-100x100.png | https://cdn.sanity.io/images/9b5twpc8/production/6555665888dc95204e95ff3d497d264af237c8eb-100x100.png | https://cdn.sanity.io/images/9b5twpc8/production/2b989910b8706adbe07c25c50f6165cf1df3c01a-100x100.png | https://cdn.sanity.io/images/9b5twpc8/production/ea6e00c62600a0475c5f6339d0e772b599393638-100x100.png,https://cdn.sanity.io/images/9b5twpc8/production/ef8c1fb0a6f80794dbcd54a6215924622de582f0-700x700.png | https://cdn.sanity.io/images/9b5twpc8/production/3031ac81c7ff714ebe85ef59ff3373ede813e900-700x700.png | https://cdn.sanity.io/images/9b5twpc8/production/9600a7330837546d4af5794ce381c9184f82f754-100x100.png | https://cdn.sanity.io/images/9b5twpc8/production/6555665888dc95204e95ff3d497d264af237c8eb-100x100.png | https://cdn.sanity.io/images/9b5twpc8/production/2b989910b8706adbe07c25c50f6165cf1df3c01a-100x100.png | https://cdn.sanity.io/images/9b5twpc8/production/ea6e00c62600a0475c5f6339d0e772b599393638-100x100.png | https://www.kentscientific.com/wp-content/uploads/2025/09/holder-mouse-small-1-600x600.png | https://www.kentscientific.com/wp-content/uploads/2025/09/holder-mouse-medium-1-600x600.png | https://www.kentscientific.com/wp-content/uploads/2025/09/holder-mouse-large-1-600x600.png | https://www.kentscientific.com/wp-content/uploads/2025/09/holder-rat-small-1-600x600.png | https://www.kentscientific.com/wp-content/uploads/2025/09/holder-rat-medium-1-600x600.png | https://www.kentscientific.com/wp-content/uploads/2025/09/holder-rat-large-1-600x600.png | https://www.kentscientific.com/wp-content/uploads/2025/09/holder-rat-xlarge-1-600x600.png,https://www.kentscientific.com/products/nose-cone-animal-holders-with-stand/
38,MANAGED_MULTI_REVIEW,CODA® Monitor Cuff Kits,coda-monitor-cuff-kits,M-OCC-L,UNVERIFIED,11,15,https://cdn.sanity.io/images/9b5twpc8/production/71c388e8c7edd0a6942d43c7b13ad7dc713979c4-700x700.png | https://cdn.sanity.io/images/9b5twpc8/production/fc876f218405bacbb635c21e30cb0b3b86600e18-100x100.png | https://cdn.sanity.io/images/9b5twpc8/production/504f673eb16599e3fde82a7cf28a108222c84424-100x100.png | https://cdn.sanity.io/images/9b5twpc8/production/e20e97c370d1a6432fccec898198499b69295d72-100x100.png | https://cdn.sanity.io/images/9b5twpc8/production/b0b9e5a52490f1ea4e8025723fd10553e3db495b-960x672.jpg | https://cdn.sanity.io/images/9b5twpc8/production/139ac3048ea8f63411c3995d7bec8312adbc700d-654x638.webp | https://cdn.sanity.io/images/9b5twpc8/production/77af594cff1228a330f1446f4910e0f84ec25766-960x672.jpg | https://cdn.sanity.io/images/9b5twpc8/production/412702cf015bfe2121798556d996f29d6aadf157-960x672.jpg | https://cdn.sanity.io/images/9b5twpc8/production/9faead513f11fd9e23d89b8588aef6ae66ab2782-672x601.webp | https://cdn.sanity.io/images/9b5twpc8/production/8b3d13094fd975de14988396c5d1112ed3b7cccc-960x672.jpg | https://cdn.sanity.io/images/9b5twpc8/production/d7e85acc0283b08891f74f32eb1625df53a6c43a-672x612.webp,https://cdn.sanity.io/images/9b5twpc8/production/71c388e8c7edd0a6942d43c7b13ad7dc713979c4-700x700.png | https://cdn.sanity.io/images/9b5twpc8/production/fc876f218405bacbb635c21e30cb0b3b86600e18-100x100.png | https://cdn.sanity.io/images/9b5twpc8/production/504f673eb16599e3fde82a7cf28a108222c84424-100x100.png | https://cdn.sanity.io/images/9b5twpc8/production/e20e97c370d1a6432fccec898198499b69295d72-100x100.png | https://cdn.sanity.io/images/9b5twpc8/production/b0b9e5a52490f1ea4e8025723fd10553e3db495b-960x672.jpg | https://cdn.sanity.io/images/9b5twpc8/production/139ac3048ea8f63411c3995d7bec8312adbc700d-654x638.webp | https://cdn.sanity.io/images/9b5twpc8/production/77af594cff1228a330f1446f4910e0f84ec25766-960x672.jpg | https://cdn.sanity.io/images/9b5twpc8/production/412702cf015bfe2121798556d996f29d6aadf157-960x672.jpg | https://cdn.sanity.io/images/9b5twpc8/production/9faead513f11fd9e23d89b8588aef6ae66ab2782-672x601.webp | https://cdn.sanity.io/images/9b5twpc8/production/8b3d13094fd975de14988396c5d1112ed3b7cccc-960x672.jpg | https://cdn.sanity.io/images/9b5twpc8/production/d7e85acc0283b08891f74f32eb1625df53a6c43a-672x612.webp | https://www.kentscientific.com/wp-content/uploads/2025/09/MSE-CUFFKIT_cuffs_only_labeled-600x600.png | https://www.kentscientific.com/wp-content/uploads/2025/09/RAT-CUFFKIT_cuffs_only_labeled-600x600.png | https://www.kentscientific.com/wp-content/uploads/2025/09/RAT-CUFFKIT_cuffs_only_labeled-1-600x600.png | https://www.kentscientific.com/wp-content/uploads/2025/09/RAT-CUFFKIT_cuffs_only_labeled-2-600x600.png,https://www.kentscientific.com/products/coda-monitor-cuff-kits/
39,MANAGED_MULTI_REVIEW,CODA® Monitor Occlusion Cuff Kits,coda-monitor-occlusion-cuff-kits,M-OCC-XS,UNVERIFIED,3,8,https://cdn.sanity.io/images/9b5twpc8/production/2d161ece650e2284c62b807911bde18110221f33-700x700.png | https://cdn.sanity.io/images/9b5twpc8/production/4ba5c0ddd6551d4f7f076eaf3cc507d604e8a6ec-100x100.png | https://cdn.sanity.io/images/9b5twpc8/production/a9ce4b5dda85bf0bdb5c9aea2608a7bde67e8137-100x100.png,https://cdn.sanity.io/images/9b5twpc8/production/2d161ece650e2284c62b807911bde18110221f33-700x700.png | https://cdn.sanity.io/images/9b5twpc8/production/4ba5c0ddd6551d4f7f076eaf3cc507d604e8a6ec-100x100.png | https://cdn.sanity.io/images/9b5twpc8/production/a9ce4b5dda85bf0bdb5c9aea2608a7bde67e8137-100x100.png | https://www.kentscientific.com/wp-content/uploads/2025/09/OCC-XS_cuff_only-600x600.png | https://www.kentscientific.com/wp-content/uploads/2025/09/OCC-S_cuff_only-600x600.png | https://www.kentscientific.com/wp-content/uploads/2025/09/OCC-M_cuff_only-2-600x600.png | https://www.kentscientific.com/wp-content/uploads/2025/09/OCC-L_cuff_only-2-600x600.png | https://www.kentscientific.com/wp-content/uploads/2025/09/OCC-XL_cuff_only-600x600.png,https://www.kentscientific.com/products/coda-monitor-occlusion-cuff-kits/
40,MANAGED_MULTI_REVIEW,CODA® Monitor VPR Cuff Kits,coda-monitor-vpr-cuff-kits,M-OCC-L-1,UNVERIFIED,3,7,https://cdn.sanity.io/images/9b5twpc8/production/295ce0a4977bed4c3464ab0893a4b3edd6354243-700x700.png | https://cdn.sanity.io/images/9b5twpc8/production/a9ce4b5dda85bf0bdb5c9aea2608a7bde67e8137-100x100.png | https://cdn.sanity.io/images/9b5twpc8/production/4ba5c0ddd6551d4f7f076eaf3cc507d604e8a6ec-100x100.png,https://cdn.sanity.io/images/9b5twpc8/production/295ce0a4977bed4c3464ab0893a4b3edd6354243-700x700.png | https://cdn.sanity.io/images/9b5twpc8/production/a9ce4b5dda85bf0bdb5c9aea2608a7bde67e8137-100x100.png | https://cdn.sanity.io/images/9b5twpc8/production/4ba5c0ddd6551d4f7f076eaf3cc507d604e8a6ec-100x100.png | https://www.kentscientific.com/wp-content/uploads/2025/09/VPR-S_cuff_only-600x600.png | https://www.kentscientific.com/wp-content/uploads/2025/09/VPR-M_cuff_only-2-600x600.png | https://www.kentscientific.com/wp-content/uploads/2025/09/VPR-L_cuff_only-600x600.png | https://www.kentscientific.com/wp-content/uploads/2025/09/VPR-XL_cuff_only-600x600.png,https://www.kentscientific.com/products/coda-monitor-vpr-cuff-kits/
41,MANAGED_MULTI_REVIEW,Curved Feeding Needles,curved-feeding-needles,FNC-14-3-2,UNVERIFIED,3,4,https://cdn.sanity.io/images/9b5twpc8/production/2b9b651c717412bd5aeddbf64b691a8c4e51ed74-700x700.png | https://cdn.sanity.io/images/9b5twpc8/production/0dfe48d6acd46e2ca6c8e62ada341ab696839c4d-100x100.png | https://cdn.sanity.io/images/9b5twpc8/production/3cd5b4f267bbdc9fd12b3c9e7f0bccdfa051f2ed-100x100.png,https://cdn.sanity.io/images/9b5twpc8/production/2b9b651c717412bd5aeddbf64b691a8c4e51ed74-700x700.png | https://cdn.sanity.io/images/9b5twpc8/production/0dfe48d6acd46e2ca6c8e62ada341ab696839c4d-100x100.png | https://cdn.sanity.io/images/9b5twpc8/production/3cd5b4f267bbdc9fd12b3c9e7f0bccdfa051f2ed-100x100.png | https://www.kentscientific.com/wp-content/uploads/2025/09/Feeding-Needle-curved-2-600x600.png,https://www.kentscientific.com/products/curved-feeding-needles/
42,MANAGED_MULTI_REVIEW,Cylinder Bracket,cylinder-bracket,MC-101,UNVERIFIED,5,5,https://cdn.sanity.io/images/9b5twpc8/production/d43fe98aff0b74b093f00876bc6d8bcd2a614370-700x700.png | https://cdn.sanity.io/images/9b5twpc8/production/d6a7a9b7effbdd3c6cd11e4c0c8e38cc22ff349f-700x700.png | https://cdn.sanity.io/images/9b5twpc8/production/dd4db4fa6291e0d0f360a8d5ec24104f8c5b9ce8-100x100.png | https://cdn.sanity.io/images/9b5twpc8/production/029efa6ef45b00b460175cf52812a75440816438-100x100.png | https://cdn.sanity.io/images/9b5twpc8/production/349f0d46cad4a0f721382255e445da601f05ebfb-100x100.png,https://cdn.sanity.io/images/9b5twpc8/production/d43fe98aff0b74b093f00876bc6d8bcd2a614370-700x700.png | https://cdn.sanity.io/images/9b5twpc8/production/d6a7a9b7effbdd3c6cd11e4c0c8e38cc22ff349f-700x700.png | https://cdn.sanity.io/images/9b5twpc8/production/dd4db4fa6291e0d0f360a8d5ec24104f8c5b9ce8-100x100.png | https://cdn.sanity.io/images/9b5twpc8/production/029efa6ef45b00b460175cf52812a75440816438-100x100.png | https://cdn.sanity.io/images/9b5twpc8/production/349f0d46cad4a0f721382255e445da601f05ebfb-100x100.png,https://www.kentscientific.com/products/cylinder-bracket/
43,MANAGED_MULTI_REVIEW,Disposable Sleeve Protectors for DCT-15 and DCT-20 Far Infrared Warming Pads,disposable-sleeve-protectors-for-dct-15-and-dct-20-far-infrared-warming-pads,DCT-1520P-3,UNVERIFIED,3,3,https://cdn.sanity.io/images/9b5twpc8/production/98147c0f044f8649145064497c2c5b6870e13be2-700x700.png | https://cdn.sanity.io/images/9b5twpc8/production/4d29860d7f70ea06d4a15ce3f65006ee2e7b0535-100x100.png | https://cdn.sanity.io/images/9b5twpc8/production/61442476f7176279b39390c24171b2a89663fb3c-100x100.png,https://cdn.sanity.io/images/9b5twpc8/production/98147c0f044f8649145064497c2c5b6870e13be2-700x700.png | https://cdn.sanity.io/images/9b5twpc8/production/4d29860d7f70ea06d4a15ce3f65006ee2e7b0535-100x100.png | https://cdn.sanity.io/images/9b5twpc8/production/61442476f7176279b39390c24171b2a89663fb3c-100x100.png,https://www.kentscientific.com/products/disposable-sleeve-protectors-for-dct-15-and-dct-20-far-infrared-warming-pads/
44,MANAGED_MULTI_REVIEW,Dissecting Scissors Straight 10 cm Long,dissecting-scissors-straight-10-cm-long,INS600393-4,UNVERIFIED,4,4,https://cdn.sanity.io/images/9b5twpc8/production/d5c0fee409493e76a812bae4badddd4d5ae65260-700x700.png | https://cdn.sanity.io/images/9b5twpc8/production/a13100b35209fcc1f34e1ca8ec3d70a6e106fc31-100x100.png | https://cdn.sanity.io/images/9b5twpc8/production/a2075e2e5a92248984cba05d4894f7b8b2d7dfcb-100x100.png | https://cdn.sanity.io/images/9b5twpc8/production/d08909e1c3fd841dc0909a9c5d88dbcfb75df0f1-100x100.png,https://cdn.sanity.io/images/9b5twpc8/production/d5c0fee409493e76a812bae4badddd4d5ae65260-700x700.png | https://cdn.sanity.io/images/9b5twpc8/production/a13100b35209fcc1f34e1ca8ec3d70a6e106fc31-100x100.png | https://cdn.sanity.io/images/9b5twpc8/production/a2075e2e5a92248984cba05d4894f7b8b2d7dfcb-100x100.png | https://cdn.sanity.io/images/9b5twpc8/production/d08909e1c3fd841dc0909a9c5d88dbcfb75df0f1-100x100.png,https://www.kentscientific.com/products/dissecting-scissors-straight-10-cm-long/
45,MANAGED_MULTI_REVIEW,Ear Tag Applicator,ear-tag-applicator-with-spring-1,TAG-APP,UNVERIFIED,5,5,https://cdn.sanity.io/images/9b5twpc8/production/896a8db61fd5c5fe48a46393718211266c974567-700x700.png | https://cdn.sanity.io/images/9b5twpc8/production/d2302ebd11416dc993da6494a4249ad713c5d3eb-100x100.png | https://cdn.sanity.io/images/9b5twpc8/production/a85a77cb7bda6fb93608d69e338a3e1b113f8295-100x100.png | https://cdn.sanity.io/images/9b5twpc8/production/0e53a7b030bb77f6a57d7ce50eb2097a360425c7-100x100.png | https://cdn.sanity.io/images/9b5twpc8/production/af3212d1598c567ac8f6dc7d6dd92f89529a47e8-197x148.jpg,https://cdn.sanity.io/images/9b5twpc8/production/896a8db61fd5c5fe48a46393718211266c974567-700x700.png | https://cdn.sanity.io/images/9b5twpc8/production/d2302ebd11416dc993da6494a4249ad713c5d3eb-100x100.png | https://cdn.sanity.io/images/9b5twpc8/production/a85a77cb7bda6fb93608d69e338a3e1b113f8295-100x100.png | https://cdn.sanity.io/images/9b5twpc8/production/0e53a7b030bb77f6a57d7ce50eb2097a360425c7-100x100.png | https://cdn.sanity.io/images/9b5twpc8/production/af3212d1598c567ac8f6dc7d6dd92f89529a47e8-197x148.jpg,https://www.kentscientific.com/products/ear-tag-applicator-with-spring-1/
46,MANAGED_MULTI_REVIEW,Elastic Wire Positioners,elastic-wire-positioner,SURGI-5019-3,UNVERIFIED,4,4,https://cdn.sanity.io/images/9b5twpc8/production/d54fc3ba7c70c246273889e76995ef0441367ff1-700x700.png | https://cdn.sanity.io/images/9b5twpc8/production/d08909e1c3fd841dc0909a9c5d88dbcfb75df0f1-100x100.png | https://cdn.sanity.io/images/9b5twpc8/production/a13100b35209fcc1f34e1ca8ec3d70a6e106fc31-100x100.png | https://cdn.sanity.io/images/9b5twpc8/production/071d0b671cde93232c3da4749fa3bc8150dbadf9-100x100.png,https://cdn.sanity.io/images/9b5twpc8/production/d54fc3ba7c70c246273889e76995ef0441367ff1-700x700.png | https://cdn.sanity.io/images/9b5twpc8/production/d08909e1c3fd841dc0909a9c5d88dbcfb75df0f1-100x100.png | https://cdn.sanity.io/images/9b5twpc8/production/a13100b35209fcc1f34e1ca8ec3d70a6e106fc31-100x100.png | https://cdn.sanity.io/images/9b5twpc8/production/071d0b671cde93232c3da4749fa3bc8150dbadf9-100x100.png,https://www.kentscientific.com/products/elastic-wire-positioner/
47,MANAGED_MULTI_REVIEW,Elizabethan Collars,elizabethan-collars,EC201V-10,UNVERIFIED,4,5,https://cdn.sanity.io/images/9b5twpc8/production/ebc79056725d9ded6ebe707ad988b729cb95c04f-700x700.png | https://cdn.sanity.io/images/9b5twpc8/production/743660b15607207ce3747520cdfeafc47311edf6-100x100.png | https://cdn.sanity.io/images/9b5twpc8/production/9e48b3a1814331a3c7cd199f6c58b3a6c30ec389-100x100.png | https://cdn.sanity.io/images/9b5twpc8/production/7841f062a84d8d3cbd043b23d2b5371ac79e9fcf-100x100.png,https://cdn.sanity.io/images/9b5twpc8/production/ebc79056725d9ded6ebe707ad988b729cb95c04f-700x700.png | https://cdn.sanity.io/images/9b5twpc8/production/743660b15607207ce3747520cdfeafc47311edf6-100x100.png | https://cdn.sanity.io/images/9b5twpc8/production/9e48b3a1814331a3c7cd199f6c58b3a6c30ec389-100x100.png | https://cdn.sanity.io/images/9b5twpc8/production/7841f062a84d8d3cbd043b23d2b5371ac79e9fcf-100x100.png | https://www.kentscientific.com/wp-content/uploads/2025/09/ELIZABETHAN_COLLARS_silo-2-600x600.png,https://www.kentscientific.com/products/elizabethan-collars/
48,MANAGED_MULTI_REVIEW,Endotracheal Intubation Kits,endotracheal-intubation-kits,ETI-MSE,UNVERIFIED,12,13,https://cdn.sanity.io/images/9b5twpc8/production/214ba687592311dd0c904d600d81d9ce60e53dde-700x700.png | https://cdn.sanity.io/images/9b5twpc8/production/565f2cbef07f92c1140baf41269e25335f92e1fe-700x700.png | https://cdn.sanity.io/images/9b5twpc8/production/f3c8aa8c50c91e17d5a0f164b7f9ff82e60104bd-700x700.png | https://cdn.sanity.io/images/9b5twpc8/production/9e04814e527622b50c3301ac34415172c4565130-700x700.png | https://cdn.sanity.io/images/9b5twpc8/production/87e205235db0bb4827884bff27a4f4635706719c-700x700.png | https://cdn.sanity.io/images/9b5twpc8/production/9e8edd9ab582b8aca5648aa5959c8bbfc759c291-100x100.png | https://cdn.sanity.io/images/9b5twpc8/production/7a88a14dd6a7ee95e7394fb41be6917d7928aab3-100x100.png | https://cdn.sanity.io/images/9b5twpc8/production/784a9095d3d53336bc64765843ca0fa55447e4f4-100x100.png | https://cdn.sanity.io/images/9b5twpc8/production/7eb3a62d7d05172ccf5c24c71086b5d20ca023a4-100x100.png | https://cdn.sanity.io/images/9b5twpc8/production/ac418bd6fd3abab18ba380539cded82f272ec9e7-100x100.png | https://cdn.sanity.io/images/9b5twpc8/production/9a5e47aade454004fda556f6e20698dc61fc0e8a-100x100.png | https://cdn.sanity.io/images/9b5twpc8/production/77e1d67dac71347f7952d9e792cd11383a832e25-100x100.png,https://cdn.sanity.io/images/9b5twpc8/production/214ba687592311dd0c904d600d81d9ce60e53dde-700x700.png | https://cdn.sanity.io/images/9b5twpc8/production/565f2cbef07f92c1140baf41269e25335f92e1fe-700x700.png | https://cdn.sanity.io/images/9b5twpc8/production/f3c8aa8c50c91e17d5a0f164b7f9ff82e60104bd-700x700.png | https://cdn.sanity.io/images/9b5twpc8/production/9e04814e527622b50c3301ac34415172c4565130-700x700.png | https://cdn.sanity.io/images/9b5twpc8/production/87e205235db0bb4827884bff27a4f4635706719c-700x700.png | https://cdn.sanity.io/images/9b5twpc8/production/9e8edd9ab582b8aca5648aa5959c8bbfc759c291-100x100.png | https://cdn.sanity.io/images/9b5twpc8/production/7a88a14dd6a7ee95e7394fb41be6917d7928aab3-100x100.png | https://cdn.sanity.io/images/9b5twpc8/production/784a9095d3d53336bc64765843ca0fa55447e4f4-100x100.png | https://cdn.sanity.io/images/9b5twpc8/production/7eb3a62d7d05172ccf5c24c71086b5d20ca023a4-100x100.png | https://cdn.sanity.io/images/9b5twpc8/production/ac418bd6fd3abab18ba380539cded82f272ec9e7-100x100.png | https://cdn.sanity.io/images/9b5twpc8/production/9a5e47aade454004fda556f6e20698dc61fc0e8a-100x100.png | https://cdn.sanity.io/images/9b5twpc8/production/77e1d67dac71347f7952d9e792cd11383a832e25-100x100.png | https://www.kentscientific.com/wp-content/uploads/2025/09/mouse-rat-intubation-kit-stands_2-1-600x600.png,https://www.kentscientific.com/products/endotracheal-intubation-kits/
49,MANAGED_MULTI_REVIEW,Endotracheal Tubes,endotracheal-tubes,ETT-1610,UNVERIFIED,5,8,https://cdn.sanity.io/images/9b5twpc8/production/8dac8b393f9fedaff2d59cf5b8a403fd7edfe0ba-700x700.png | https://cdn.sanity.io/images/9b5twpc8/production/77e1d67dac71347f7952d9e792cd11383a832e25-100x100.png | https://cdn.sanity.io/images/9b5twpc8/production/9e8edd9ab582b8aca5648aa5959c8bbfc759c291-100x100.png | https://cdn.sanity.io/images/9b5twpc8/production/ae0684f859ad4d51a9501e1f4db4d69bb1ecf14f-100x100.png | https://cdn.sanity.io/images/9b5twpc8/production/8230e6fb953f983015bd873f6adc48f3fc745016-300x77.jpg,https://cdn.sanity.io/images/9b5twpc8/production/8dac8b393f9fedaff2d59cf5b8a403fd7edfe0ba-700x700.png | https://cdn.sanity.io/images/9b5twpc8/production/77e1d67dac71347f7952d9e792cd11383a832e25-100x100.png | https://cdn.sanity.io/images/9b5twpc8/production/9e8edd9ab582b8aca5648aa5959c8bbfc759c291-100x100.png | https://cdn.sanity.io/images/9b5twpc8/production/ae0684f859ad4d51a9501e1f4db4d69bb1ecf14f-100x100.png | https://cdn.sanity.io/images/9b5twpc8/production/8230e6fb953f983015bd873f6adc48f3fc745016-300x77.jpg | https://www.kentscientific.com/wp-content/uploads/2025/09/ETI-16_4_5-600x600.png | https://www.kentscientific.com/wp-content/uploads/2025/09/ETI-20_4_5-600x600.png | https://www.kentscientific.com/wp-content/uploads/2025/09/ETI-22_4_5-600x600.png,https://www.kentscientific.com/products/endotracheal-tubes/
50,MANAGED_MULTI_REVIEW,External Powerbank,external-powerbank,EXT-PWRBANK,UNVERIFIED,4,4,https://cdn.sanity.io/images/9b5twpc8/production/4aaa98a48796d4bfecdcf0e2897164c860b764a3-700x700.png | https://cdn.sanity.io/images/9b5twpc8/production/315bc157f7cfc3037780183b98f10080aa04ff3c-100x100.png | https://cdn.sanity.io/images/9b5twpc8/production/48e24f4b27b41f64b2399b87fba003bf7e3fee23-100x100.png | https://cdn.sanity.io/images/9b5twpc8/production/65d2144c83df4ee746a8d786c016000d1e3f1ad1-100x100.png,https://cdn.sanity.io/images/9b5twpc8/production/4aaa98a48796d4bfecdcf0e2897164c860b764a3-700x700.png | https://cdn.sanity.io/images/9b5twpc8/production/315bc157f7cfc3037780183b98f10080aa04ff3c-100x100.png | https://cdn.sanity.io/images/9b5twpc8/production/48e24f4b27b41f64b2399b87fba003bf7e3fee23-100x100.png | https://cdn.sanity.io/images/9b5twpc8/production/65d2144c83df4ee746a8d786c016000d1e3f1ad1-100x100.png,https://www.kentscientific.com/products/external-powerbank/
51,MANAGED_MULTI_REVIEW,Far Infrared Warming Pad,far-infrared-warming-pad,RT-0501,UNVERIFIED,4,5,https://cdn.sanity.io/images/9b5twpc8/production/9b371c22400bd2621c760333c6c956234845a6af-700x700.png | https://cdn.sanity.io/images/9b5twpc8/production/7a470e9627dfef05daa60f10346fd8340862d3ef-100x100.png | https://cdn.sanity.io/images/9b5twpc8/production/61442476f7176279b39390c24171b2a89663fb3c-100x100.png | https://cdn.sanity.io/images/9b5twpc8/production/f43889194bd9e55dc8a925b8864504b06f4d723d-100x100.png,https://cdn.sanity.io/images/9b5twpc8/production/9b371c22400bd2621c760333c6c956234845a6af-700x700.png | https://cdn.sanity.io/images/9b5twpc8/production/7a470e9627dfef05daa60f10346fd8340862d3ef-100x100.png | https://cdn.sanity.io/images/9b5twpc8/production/61442476f7176279b39390c24171b2a89663fb3c-100x100.png | https://cdn.sanity.io/images/9b5twpc8/production/f43889194bd9e55dc8a925b8864504b06f4d723d-100x100.png | https://www.kentscientific.com/wp-content/uploads/2025/09/2_Warming-PadsRedux-600x600.png,https://www.kentscientific.com/products/far-infrared-warming-pad/
52,MANAGED_MULTI_REVIEW,Far Infrared Warming Pads with Controller,far-infrared-warming-pads-with-controller,RT-0515,UNVERIFIED,4,5,https://cdn.sanity.io/images/9b5twpc8/production/1cde0d364a0f7799a88a05b4cf74818436277b8d-700x700.png | https://cdn.sanity.io/images/9b5twpc8/production/f43889194bd9e55dc8a925b8864504b06f4d723d-100x100.png | https://cdn.sanity.io/images/9b5twpc8/production/7a470e9627dfef05daa60f10346fd8340862d3ef-100x100.png | https://cdn.sanity.io/images/9b5twpc8/production/c048518f193bce43f749f0612c87bffb56ce0bee-100x100.png,https://cdn.sanity.io/images/9b5twpc8/production/1cde0d364a0f7799a88a05b4cf74818436277b8d-700x700.png | https://cdn.sanity.io/images/9b5twpc8/production/f43889194bd9e55dc8a925b8864504b06f4d723d-100x100.png | https://cdn.sanity.io/images/9b5twpc8/production/7a470e9627dfef05daa60f10346fd8340862d3ef-100x100.png | https://cdn.sanity.io/images/9b5twpc8/production/c048518f193bce43f749f0612c87bffb56ce0bee-100x100.png | https://www.kentscientific.com/wp-content/uploads/2025/09/Far-Infrared-Warming-Pad-Controller-500x282_2_UPDATED_copy-600x600.png,https://www.kentscientific.com/products/far-infrared-warming-pads-with-controller/
53,MANAGED_MULTI_REVIEW,Fiber Optic Lighting Assembly,fiber-optic-lighting-assembly,ETI-12,UNVERIFIED,4,4,https://cdn.sanity.io/images/9b5twpc8/production/c6ffb63ef78542ea88cb98d9d597def7eff84ef2-700x700.png | https://cdn.sanity.io/images/9b5twpc8/production/ae0684f859ad4d51a9501e1f4db4d69bb1ecf14f-100x100.png | https://cdn.sanity.io/images/9b5twpc8/production/77e1d67dac71347f7952d9e792cd11383a832e25-100x100.png | https://cdn.sanity.io/images/9b5twpc8/production/868cbc45f95da2efc643121b78e14e197d74cf9d-100x100.png,https://cdn.sanity.io/images/9b5twpc8/production/c6ffb63ef78542ea88cb98d9d597def7eff84ef2-700x700.png | https://cdn.sanity.io/images/9b5twpc8/production/ae0684f859ad4d51a9501e1f4db4d69bb1ecf14f-100x100.png | https://cdn.sanity.io/images/9b5twpc8/production/77e1d67dac71347f7952d9e792cd11383a832e25-100x100.png | https://cdn.sanity.io/images/9b5twpc8/production/868cbc45f95da2efc643121b78e14e197d74cf9d-100x100.png,https://www.kentscientific.com/products/fiber-optic-lighting-assembly/
54,MANAGED_MULTI_REVIEW,Fiber Optic Lighting Kits,fiber-optic-lighting-kits,ETI-MSE-02,UNVERIFIED,4,5,https://cdn.sanity.io/images/9b5twpc8/production/793cda91508c10d64848e93570c3df5b083daf8c-700x700.png | https://cdn.sanity.io/images/9b5twpc8/production/868cbc45f95da2efc643121b78e14e197d74cf9d-100x100.png | https://cdn.sanity.io/images/9b5twpc8/production/ae0684f859ad4d51a9501e1f4db4d69bb1ecf14f-100x100.png | https://cdn.sanity.io/images/9b5twpc8/production/7a88a14dd6a7ee95e7394fb41be6917d7928aab3-100x100.png,https://cdn.sanity.io/images/9b5twpc8/production/793cda91508c10d64848e93570c3df5b083daf8c-700x700.png | https://cdn.sanity.io/images/9b5twpc8/production/868cbc45f95da2efc643121b78e14e197d74cf9d-100x100.png | https://cdn.sanity.io/images/9b5twpc8/production/ae0684f859ad4d51a9501e1f4db4d69bb1ecf14f-100x100.png | https://cdn.sanity.io/images/9b5twpc8/production/7a88a14dd6a7ee95e7394fb41be6917d7928aab3-100x100.png | https://www.kentscientific.com/wp-content/uploads/2025/09/Rev_End_Ilte2-600x600.png,https://www.kentscientific.com/products/fiber-optic-lighting-kits/
55,MANAGED_MULTI_REVIEW,Fine Dressing Forceps 10 cm Long,fine-dressing-forceps-10-cm-long,INS650914-4,UNVERIFIED,4,4,https://cdn.sanity.io/images/9b5twpc8/production/4d4e33d4c3afbfbaa7c150f14f108d4434180d02-700x700.png | https://cdn.sanity.io/images/9b5twpc8/production/071d0b671cde93232c3da4749fa3bc8150dbadf9-100x100.png | https://cdn.sanity.io/images/9b5twpc8/production/d08909e1c3fd841dc0909a9c5d88dbcfb75df0f1-100x100.png | https://cdn.sanity.io/images/9b5twpc8/production/aa38b8b0f4963412fd22d5140243c5fad873e033-100x100.png,https://cdn.sanity.io/images/9b5twpc8/production/4d4e33d4c3afbfbaa7c150f14f108d4434180d02-700x700.png | https://cdn.sanity.io/images/9b5twpc8/production/071d0b671cde93232c3da4749fa3bc8150dbadf9-100x100.png | https://cdn.sanity.io/images/9b5twpc8/production/d08909e1c3fd841dc0909a9c5d88dbcfb75df0f1-100x100.png | https://cdn.sanity.io/images/9b5twpc8/production/aa38b8b0f4963412fd22d5140243c5fad873e033-100x100.png,https://www.kentscientific.com/products/fine-dressing-forceps-10-cm-long/
56,MANAGED_MULTI_REVIEW,"Fine Dressing Forceps, 15.5 cm Long",fine-dressing-forceps-155-cm-long,INS750363-4,UNVERIFIED,3,3,https://cdn.sanity.io/images/9b5twpc8/production/581cbcfd716847d4d195ff6001e3fe698cb44aab-700x700.png | https://cdn.sanity.io/images/9b5twpc8/production/6f9c358a6c72b7c10b256fdda4e66d53bca66bca-100x100.png | https://cdn.sanity.io/images/9b5twpc8/production/8d2c3ecab9bfd58f1578914f509fcb714af9e4ff-100x100.png,https://cdn.sanity.io/images/9b5twpc8/production/581cbcfd716847d4d195ff6001e3fe698cb44aab-700x700.png | https://cdn.sanity.io/images/9b5twpc8/production/6f9c358a6c72b7c10b256fdda4e66d53bca66bca-100x100.png | https://cdn.sanity.io/images/9b5twpc8/production/8d2c3ecab9bfd58f1578914f509fcb714af9e4ff-100x100.png,https://www.kentscientific.com/products/fine-dressing-forceps-155-cm-long/
57,MANAGED_MULTI_REVIEW,Flat Bottom Rodent Holders,flat-bottom-rodent-holders,RSTR541,UNVERIFIED,4,8,https://cdn.sanity.io/images/9b5twpc8/production/e3a6b0f372a1e5698920431b5e3a24b958807a47-700x700.png | https://cdn.sanity.io/images/9b5twpc8/production/7841f062a84d8d3cbd043b23d2b5371ac79e9fcf-100x100.png | https://cdn.sanity.io/images/9b5twpc8/production/743660b15607207ce3747520cdfeafc47311edf6-100x100.png | https://cdn.sanity.io/images/9b5twpc8/production/9f88145ddf3946b3f93c88792f2e2a06968111de-100x100.png,https://cdn.sanity.io/images/9b5twpc8/production/e3a6b0f372a1e5698920431b5e3a24b958807a47-700x700.png | https://cdn.sanity.io/images/9b5twpc8/production/7841f062a84d8d3cbd043b23d2b5371ac79e9fcf-100x100.png | https://cdn.sanity.io/images/9b5twpc8/production/743660b15607207ce3747520cdfeafc47311edf6-100x100.png | https://cdn.sanity.io/images/9b5twpc8/production/9f88145ddf3946b3f93c88792f2e2a06968111de-100x100.png | https://www.kentscientific.com/wp-content/uploads/2025/09/RSTR541_silo-2-600x600.png | https://www.kentscientific.com/wp-content/uploads/2025/09/RSTR542_silo-2-600x600.png | https://www.kentscientific.com/wp-content/uploads/2025/09/RSTR543_silo-3-600x600.png | https://www.kentscientific.com/wp-content/uploads/2025/09/RSTR543_silo-4-600x600.png,https://www.kentscientific.com/products/flat-bottom-rodent-holders/
58,MANAGED_MULTI_REVIEW,"Glass Syringe, 10 mL",glass-syringe-10-ml,SOMNO-10ML,UNVERIFIED,4,5,https://cdn.sanity.io/images/9b5twpc8/production/e7a86dff4aae3824ebd2ed3960072b8f64e19299-700x700.png | https://cdn.sanity.io/images/9b5twpc8/production/bc913a7e4ef9f33eadd434e4e9d6b291b6796734-100x100.png | https://cdn.sanity.io/images/9b5twpc8/production/f94d4b1741243347cc05e1e5f0b88ae76ab37011-100x100.png | https://cdn.sanity.io/images/9b5twpc8/production/97403aa268c40849c4c5318eac23d8b220390b7c-100x100.png,https://cdn.sanity.io/images/9b5twpc8/production/e7a86dff4aae3824ebd2ed3960072b8f64e19299-700x700.png | https://cdn.sanity.io/images/9b5twpc8/production/bc913a7e4ef9f33eadd434e4e9d6b291b6796734-100x100.png | https://cdn.sanity.io/images/9b5twpc8/production/f94d4b1741243347cc05e1e5f0b88ae76ab37011-100x100.png | https://cdn.sanity.io/images/9b5twpc8/production/97403aa268c40849c4c5318eac23d8b220390b7c-100x100.png | https://www.kentscientific.com/wp-content/uploads/2025/09/SOMNO-10ml_4_5-1-600x600.png,https://www.kentscientific.com/products/glass-syringe-10-ml/
59,MANAGED_MULTI_REVIEW,"Glass Syringe, 5 mL",glass-syringe-5-ml,N/A,UNVERIFIED,3,4,https://cdn.sanity.io/images/9b5twpc8/production/515dfafcef70cfc1008998c7cecc1327e1dcd173-700x700.png | https://cdn.sanity.io/images/9b5twpc8/production/97403aa268c40849c4c5318eac23d8b220390b7c-100x100.png | https://cdn.sanity.io/images/9b5twpc8/production/bc913a7e4ef9f33eadd434e4e9d6b291b6796734-100x100.png,https://cdn.sanity.io/images/9b5twpc8/production/515dfafcef70cfc1008998c7cecc1327e1dcd173-700x700.png | https://cdn.sanity.io/images/9b5twpc8/production/97403aa268c40849c4c5318eac23d8b220390b7c-100x100.png | https://cdn.sanity.io/images/9b5twpc8/production/bc913a7e4ef9f33eadd434e4e9d6b291b6796734-100x100.png | https://www.kentscientific.com/wp-content/uploads/2025/09/SOMNO-5ml_4_5_copy-1-600x600.png,https://www.kentscientific.com/products/glass-syringe-5-ml/
60,MANAGED_MULTI_REVIEW,Hartman Mosquito Hemostatic Forceps Curved,hartman-mosquito-hemostatic-forceps-curved,INS750452-2,UNVERIFIED,4,4,https://cdn.sanity.io/images/9b5twpc8/production/cfccd133c795e71c600e9676b575cfaae863cdec-700x700.png | https://cdn.sanity.io/images/9b5twpc8/production/aa38b8b0f4963412fd22d5140243c5fad873e033-100x100.png | https://cdn.sanity.io/images/9b5twpc8/production/071d0b671cde93232c3da4749fa3bc8150dbadf9-100x100.png | https://cdn.sanity.io/images/9b5twpc8/production/f4f561dc0b5d0c5b3ba528e918f5c7887789a7f4-100x100.png,https://cdn.sanity.io/images/9b5twpc8/production/cfccd133c795e71c600e9676b575cfaae863cdec-700x700.png | https://cdn.sanity.io/images/9b5twpc8/production/aa38b8b0f4963412fd22d5140243c5fad873e033-100x100.png | https://cdn.sanity.io/images/9b5twpc8/production/071d0b671cde93232c3da4749fa3bc8150dbadf9-100x100.png | https://cdn.sanity.io/images/9b5twpc8/production/f4f561dc0b5d0c5b3ba528e918f5c7887789a7f4-100x100.png,https://www.kentscientific.com/products/hartman-mosquito-hemostatic-forceps-curved/
61,MANAGED_MULTI_REVIEW,"Hartman Mosquito Hemostatic Forceps, Straight",hartman-mosquito-hemostatic-forceps-straight,INS750451-2,UNVERIFIED,4,4,https://cdn.sanity.io/images/9b5twpc8/production/0a8f2e1b175afbe89b679425c7e42f6127cc3613-700x700.png | https://cdn.sanity.io/images/9b5twpc8/production/8959a391e6abd6155bbc4d26fa04bb584ea6e235-100x100.png | https://cdn.sanity.io/images/9b5twpc8/production/8138dfad7874afdc8f847c5912098c772c3e24fa-100x100.png | https://cdn.sanity.io/images/9b5twpc8/production/8d2c3ecab9bfd58f1578914f509fcb714af9e4ff-100x100.png,https://cdn.sanity.io/images/9b5twpc8/production/0a8f2e1b175afbe89b679425c7e42f6127cc3613-700x700.png | https://cdn.sanity.io/images/9b5twpc8/production/8959a391e6abd6155bbc4d26fa04bb584ea6e235-100x100.png | https://cdn.sanity.io/images/9b5twpc8/production/8138dfad7874afdc8f847c5912098c772c3e24fa-100x100.png | https://cdn.sanity.io/images/9b5twpc8/production/8d2c3ecab9bfd58f1578914f509fcb714af9e4ff-100x100.png,https://www.kentscientific.com/products/hartman-mosquito-hemostatic-forceps-straight/
62,MANAGED_MULTI_REVIEW,Holder for Activated Charcoal Absorption Filter,holder-for-activated-charcoal-absorption-filter,SOMNO-2001H,UNVERIFIED,6,6,https://cdn.sanity.io/images/9b5twpc8/production/49c3317f6f6c096ebfc9961ced645149d7a8ac02-700x700.png | https://cdn.sanity.io/images/9b5twpc8/production/3b5760dd3d9da14772f0692b13ba38c5bd6508d3-700x700.png | https://cdn.sanity.io/images/9b5twpc8/production/cc8fab9871bb521d593934595de2cf65255ce8b2-100x100.png | https://cdn.sanity.io/images/9b5twpc8/production/c59ad21bec02fbb5ab2caec6d83577bfb2cffa22-100x100.png | https://cdn.sanity.io/images/9b5twpc8/production/47ae432ae2c64f50025e85e53bfd972fe5cfd76d-100x100.png | https://cdn.sanity.io/images/9b5twpc8/production/e2259ea0e07f4f2d7430f4ec1b48d69dc8596ec5-100x100.png,https://cdn.sanity.io/images/9b5twpc8/production/49c3317f6f6c096ebfc9961ced645149d7a8ac02-700x700.png | https://cdn.sanity.io/images/9b5twpc8/production/3b5760dd3d9da14772f0692b13ba38c5bd6508d3-700x700.png | https://cdn.sanity.io/images/9b5twpc8/production/cc8fab9871bb521d593934595de2cf65255ce8b2-100x100.png | https://cdn.sanity.io/images/9b5twpc8/production/c59ad21bec02fbb5ab2caec6d83577bfb2cffa22-100x100.png | https://cdn.sanity.io/images/9b5twpc8/production/47ae432ae2c64f50025e85e53bfd972fe5cfd76d-100x100.png | https://cdn.sanity.io/images/9b5twpc8/production/e2259ea0e07f4f2d7430f4ec1b48d69dc8596ec5-100x100.png,https://www.kentscientific.com/products/holder-for-activated-charcoal-absorption-filter/
63,MANAGED_MULTI_REVIEW,HTP-1500 Heat Therapy Pump,htp-1500-heat-therapy-pump,HTP-1500,UNVERIFIED,4,4,https://cdn.sanity.io/images/9b5twpc8/production/b1c0c7042f36334af83ec17b0557818847e1d548-700x700.png | https://cdn.sanity.io/images/9b5twpc8/production/c048518f193bce43f749f0612c87bffb56ce0bee-100x100.png | https://cdn.sanity.io/images/9b5twpc8/production/f43889194bd9e55dc8a925b8864504b06f4d723d-100x100.png | https://cdn.sanity.io/images/9b5twpc8/production/4d5067f0338e2e5f124cba12d293ad6ddb99a2c1-100x100.png,https://cdn.sanity.io/images/9b5twpc8/production/b1c0c7042f36334af83ec17b0557818847e1d548-700x700.png | https://cdn.sanity.io/images/9b5twpc8/production/c048518f193bce43f749f0612c87bffb56ce0bee-100x100.png | https://cdn.sanity.io/images/9b5twpc8/production/f43889194bd9e55dc8a925b8864504b06f4d723d-100x100.png | https://cdn.sanity.io/images/9b5twpc8/production/4d5067f0338e2e5f124cba12d293ad6ddb99a2c1-100x100.png,https://www.kentscientific.com/products/htp-1500-heat-therapy-pump/
64,MANAGED_MULTI_REVIEW,Humaneway™ Blood Collection Needles,humaneway-blood-collection-needles,BLD-HW-BS,UNVERIFIED,3,3,https://cdn.sanity.io/images/9b5twpc8/production/d0f8cc2bccd3c63b6c285069252c379621de3448-700x700.png | https://cdn.sanity.io/images/9b5twpc8/production/d342c5ca2db7f4202d1794c2cc54e28c480059b3-100x100.png | https://cdn.sanity.io/images/9b5twpc8/production/a71544da15fb836d160d73a7d03edf022c3bd0ad-100x100.png,https://cdn.sanity.io/images/9b5twpc8/production/d0f8cc2bccd3c63b6c285069252c379621de3448-700x700.png | https://cdn.sanity.io/images/9b5twpc8/production/d342c5ca2db7f4202d1794c2cc54e28c480059b3-100x100.png | https://cdn.sanity.io/images/9b5twpc8/production/a71544da15fb836d160d73a7d03edf022c3bd0ad-100x100.png,https://www.kentscientific.com/products/humaneway-blood-collection-needles/
65,MANAGED_MULTI_REVIEW,Humaneway™ Injection and Blood Collection Needles,humaneway-winged-infusion-sets,INF-HW-BI,UNVERIFIED,4,4,https://cdn.sanity.io/images/9b5twpc8/production/9b842781fcdc58b1dea45a6aa118232bce46be1f-700x700.png | https://cdn.sanity.io/images/9b5twpc8/production/0622fbf9ff145401f00fde4713560f91d171e16a-100x100.png | https://cdn.sanity.io/images/9b5twpc8/production/a71544da15fb836d160d73a7d03edf022c3bd0ad-100x100.png | https://cdn.sanity.io/images/9b5twpc8/production/5df0b5b9b2ba5c640bd631067d680d5c1c739a10-100x100.png,https://cdn.sanity.io/images/9b5twpc8/production/9b842781fcdc58b1dea45a6aa118232bce46be1f-700x700.png | https://cdn.sanity.io/images/9b5twpc8/production/0622fbf9ff145401f00fde4713560f91d171e16a-100x100.png | https://cdn.sanity.io/images/9b5twpc8/production/a71544da15fb836d160d73a7d03edf022c3bd0ad-100x100.png | https://cdn.sanity.io/images/9b5twpc8/production/5df0b5b9b2ba5c640bd631067d680d5c1c739a10-100x100.png,https://www.kentscientific.com/products/humaneway-winged-infusion-sets/
66,MANAGED_MULTI_REVIEW,Humaneway™ Rodent Restraint Device,humaneway-rodent-restraint,RSTR-HW-MR1,UNVERIFIED,5,6,https://cdn.sanity.io/images/9b5twpc8/production/41e73cd865f83d4818d5045613318b4b3ca85a29-700x700.png | https://cdn.sanity.io/images/9b5twpc8/production/a71544da15fb836d160d73a7d03edf022c3bd0ad-100x100.png | https://cdn.sanity.io/images/9b5twpc8/production/d342c5ca2db7f4202d1794c2cc54e28c480059b3-100x100.png | https://cdn.sanity.io/images/9b5twpc8/production/0622fbf9ff145401f00fde4713560f91d171e16a-100x100.png | https://cdn.sanity.io/images/9b5twpc8/production/6a5874e063d96450e8e79a1db2017cbe8a4392c7-663x735.jpg,https://cdn.sanity.io/images/9b5twpc8/production/41e73cd865f83d4818d5045613318b4b3ca85a29-700x700.png | https://cdn.sanity.io/images/9b5twpc8/production/a71544da15fb836d160d73a7d03edf022c3bd0ad-100x100.png | https://cdn.sanity.io/images/9b5twpc8/production/d342c5ca2db7f4202d1794c2cc54e28c480059b3-100x100.png | https://cdn.sanity.io/images/9b5twpc8/production/0622fbf9ff145401f00fde4713560f91d171e16a-100x100.png | https://cdn.sanity.io/images/9b5twpc8/production/6a5874e063d96450e8e79a1db2017cbe8a4392c7-663x735.jpg | https://www.kentscientific.com/wp-content/uploads/2025/09/RSTR-HW-600x600.png,https://www.kentscientific.com/products/humaneway-rodent-restraint/
67,MANAGED_MULTI_REVIEW,Humaneway™ Tail Vein Simulator,tail-vein-simulator,TAIL-HW-MSBK,UNVERIFIED,3,6,https://cdn.sanity.io/images/9b5twpc8/production/05266abb3a0e74b9d0cf6b0d51dd2c894f84736a-700x700.png | https://cdn.sanity.io/images/9b5twpc8/production/90d4a6d8082aa0d2b4151f8c14d7968327e4f24b-100x100.png | https://cdn.sanity.io/images/9b5twpc8/production/0622fbf9ff145401f00fde4713560f91d171e16a-100x100.png,https://cdn.sanity.io/images/9b5twpc8/production/05266abb3a0e74b9d0cf6b0d51dd2c894f84736a-700x700.png | https://cdn.sanity.io/images/9b5twpc8/production/90d4a6d8082aa0d2b4151f8c14d7968327e4f24b-100x100.png | https://cdn.sanity.io/images/9b5twpc8/production/0622fbf9ff145401f00fde4713560f91d171e16a-100x100.png | https://www.kentscientific.com/wp-content/uploads/2025/09/Humaneway%E2%84%A2-Tail-Vein-Simulator-_-Kent-Scientific-600x600.png | https://www.kentscientific.com/wp-content/uploads/2025/09/TAIL-HW-MSBK-600x600.png | https://www.kentscientific.com/wp-content/uploads/2025/09/TAIL-HW-RSSK-600x600.png,https://www.kentscientific.com/products/tail-vein-simulator/
68,MANAGED_MULTI_REVIEW,Instrument Micro Bead Sterilizer,instrument-micro-bead-sterilizer,INS700860,UNVERIFIED,4,5,https://cdn.sanity.io/images/9b5twpc8/production/fe6b295010b1e2ad26f3117bfc7fa1310a3a79e6-700x700.png | https://cdn.sanity.io/images/9b5twpc8/production/f4f561dc0b5d0c5b3ba528e918f5c7887789a7f4-100x100.png | https://cdn.sanity.io/images/9b5twpc8/production/aa38b8b0f4963412fd22d5140243c5fad873e033-100x100.png | https://cdn.sanity.io/images/9b5twpc8/production/0b23f223c33c511e6f23a12a33eeb7ab0594fd3c-100x100.png,https://cdn.sanity.io/images/9b5twpc8/production/fe6b295010b1e2ad26f3117bfc7fa1310a3a79e6-700x700.png | https://cdn.sanity.io/images/9b5twpc8/production/f4f561dc0b5d0c5b3ba528e918f5c7887789a7f4-100x100.png | https://cdn.sanity.io/images/9b5twpc8/production/aa38b8b0f4963412fd22d5140243c5fad873e033-100x100.png | https://cdn.sanity.io/images/9b5twpc8/production/0b23f223c33c511e6f23a12a33eeb7ab0594fd3c-100x100.png | https://www.kentscientific.com/wp-content/uploads/2025/09/Bead-Sterilizer-600x600.png,https://www.kentscientific.com/products/instrument-micro-bead-sterilizer/
69,MANAGED_MULTI_REVIEW,Intubation Stands,intubation-stands,ETI-MSE-01,UNVERIFIED,4,5,https://cdn.sanity.io/images/9b5twpc8/production/565f2cbef07f92c1140baf41269e25335f92e1fe-700x700.png | https://cdn.sanity.io/images/9b5twpc8/production/7a88a14dd6a7ee95e7394fb41be6917d7928aab3-100x100.png | https://cdn.sanity.io/images/9b5twpc8/production/868cbc45f95da2efc643121b78e14e197d74cf9d-100x100.png | https://cdn.sanity.io/images/9b5twpc8/production/6c613e1fa80d22fe1124dde88b48930ecbf11f21-100x100.png,https://cdn.sanity.io/images/9b5twpc8/production/565f2cbef07f92c1140baf41269e25335f92e1fe-700x700.png | https://cdn.sanity.io/images/9b5twpc8/production/7a88a14dd6a7ee95e7394fb41be6917d7928aab3-100x100.png | https://cdn.sanity.io/images/9b5twpc8/production/868cbc45f95da2efc643121b78e14e197d74cf9d-100x100.png | https://cdn.sanity.io/images/9b5twpc8/production/6c613e1fa80d22fe1124dde88b48930ecbf11f21-100x100.png | https://www.kentscientific.com/wp-content/uploads/2025/09/intubation-combined-right-w-hand-1-600x600.png,https://www.kentscientific.com/products/intubation-stands/
70,MANAGED_MULTI_REVIEW,Iris Dressing Forceps,iris-dressing-forceps,INS650915-4,UNVERIFIED,4,4,https://cdn.sanity.io/images/9b5twpc8/production/b99662110293f8f1b00cb7e07a462962845dd222-700x700.png | https://cdn.sanity.io/images/9b5twpc8/production/0b23f223c33c511e6f23a12a33eeb7ab0594fd3c-100x100.png | https://cdn.sanity.io/images/9b5twpc8/production/f4f561dc0b5d0c5b3ba528e918f5c7887789a7f4-100x100.png | https://cdn.sanity.io/images/9b5twpc8/production/6b5bf14b8f79e0d21208f9b53bf2de5899cd88a1-100x100.png,https://cdn.sanity.io/images/9b5twpc8/production/b99662110293f8f1b00cb7e07a462962845dd222-700x700.png | https://cdn.sanity.io/images/9b5twpc8/production/0b23f223c33c511e6f23a12a33eeb7ab0594fd3c-100x100.png | https://cdn.sanity.io/images/9b5twpc8/production/f4f561dc0b5d0c5b3ba528e918f5c7887789a7f4-100x100.png | https://cdn.sanity.io/images/9b5twpc8/production/6b5bf14b8f79e0d21208f9b53bf2de5899cd88a1-100x100.png,https://www.kentscientific.com/products/iris-dressing-forceps/
71,MANAGED_MULTI_REVIEW,Iris Scissors Straight 11 cm Long,iris-scissors-straight-11-cm-long,INS750216-2,UNVERIFIED,4,4,https://cdn.sanity.io/images/9b5twpc8/production/5641d408f943b1aee8af23facebbfe0ba5200105-700x700.png | https://cdn.sanity.io/images/9b5twpc8/production/6b5bf14b8f79e0d21208f9b53bf2de5899cd88a1-100x100.png | https://cdn.sanity.io/images/9b5twpc8/production/0b23f223c33c511e6f23a12a33eeb7ab0594fd3c-100x100.png | https://cdn.sanity.io/images/9b5twpc8/production/34b7d50be5adc25525773013c0e536d53c7884fd-100x100.png,https://cdn.sanity.io/images/9b5twpc8/production/5641d408f943b1aee8af23facebbfe0ba5200105-700x700.png | https://cdn.sanity.io/images/9b5twpc8/production/6b5bf14b8f79e0d21208f9b53bf2de5899cd88a1-100x100.png | https://cdn.sanity.io/images/9b5twpc8/production/0b23f223c33c511e6f23a12a33eeb7ab0594fd3c-100x100.png | https://cdn.sanity.io/images/9b5twpc8/production/34b7d50be5adc25525773013c0e536d53c7884fd-100x100.png,https://www.kentscientific.com/products/iris-scissors-straight-11-cm-long/
72,MANAGED_MULTI_REVIEW,La Pias Ear Tag Applicator,la-pias-ear-tag-applicator,LPTAG-APP,UNVERIFIED,4,5,https://cdn.sanity.io/images/9b5twpc8/production/0293ce4234ecb7d1181428c78079c313de5a215e-700x700.png | https://cdn.sanity.io/images/9b5twpc8/production/ba1175af626710624e3a01d6e68f8123ad974219-100x100.png | https://cdn.sanity.io/images/9b5twpc8/production/fcb5e53ea413de8c822377d861c162d07d107477-100x100.png | https://cdn.sanity.io/images/9b5twpc8/production/0e53a7b030bb77f6a57d7ce50eb2097a360425c7-100x100.png,https://cdn.sanity.io/images/9b5twpc8/production/0293ce4234ecb7d1181428c78079c313de5a215e-700x700.png | https://cdn.sanity.io/images/9b5twpc8/production/ba1175af626710624e3a01d6e68f8123ad974219-100x100.png | https://cdn.sanity.io/images/9b5twpc8/production/fcb5e53ea413de8c822377d861c162d07d107477-100x100.png | https://cdn.sanity.io/images/9b5twpc8/production/0e53a7b030bb77f6a57d7ce50eb2097a360425c7-100x100.png | https://www.kentscientific.com/wp-content/uploads/2025/09/La_Pias_Applicator-2-600x600.png,https://www.kentscientific.com/products/la-pias-ear-tag-applicator/
73,MANAGED_MULTI_REVIEW,La Pias Ear Tags Extra Backs,la-pias-ear-tags-extra-backs,LPTAG-BACKS,UNVERIFIED,5,5,https://cdn.sanity.io/images/9b5twpc8/production/2fc6b673641b2cf92be433e02ef87a36ab8e2b0b-700x700.png | https://cdn.sanity.io/images/9b5twpc8/production/18913c136b720f61bd693ab169ab345f95398535-700x700.png | https://cdn.sanity.io/images/9b5twpc8/production/0e53a7b030bb77f6a57d7ce50eb2097a360425c7-100x100.png | https://cdn.sanity.io/images/9b5twpc8/production/20f453a057f10b335f410926d07f5d235be994ba-100x100.png | https://cdn.sanity.io/images/9b5twpc8/production/d2302ebd11416dc993da6494a4249ad713c5d3eb-100x100.png,https://cdn.sanity.io/images/9b5twpc8/production/2fc6b673641b2cf92be433e02ef87a36ab8e2b0b-700x700.png | https://cdn.sanity.io/images/9b5twpc8/production/18913c136b720f61bd693ab169ab345f95398535-700x700.png | https://cdn.sanity.io/images/9b5twpc8/production/0e53a7b030bb77f6a57d7ce50eb2097a360425c7-100x100.png | https://cdn.sanity.io/images/9b5twpc8/production/20f453a057f10b335f410926d07f5d235be994ba-100x100.png | https://cdn.sanity.io/images/9b5twpc8/production/d2302ebd11416dc993da6494a4249ad713c5d3eb-100x100.png,https://www.kentscientific.com/products/la-pias-ear-tags-extra-backs/
74,MANAGED_MULTI_REVIEW,La Pias Mouse Ear Tags,la-pias-mouse-ear-tags,N/A,UNVERIFIED,5,5,https://cdn.sanity.io/images/9b5twpc8/production/2fc6b673641b2cf92be433e02ef87a36ab8e2b0b-700x700.png | https://cdn.sanity.io/images/9b5twpc8/production/18913c136b720f61bd693ab169ab345f95398535-700x700.png | https://cdn.sanity.io/images/9b5twpc8/production/0e53a7b030bb77f6a57d7ce50eb2097a360425c7-100x100.png | https://cdn.sanity.io/images/9b5twpc8/production/20f453a057f10b335f410926d07f5d235be994ba-100x100.png | https://cdn.sanity.io/images/9b5twpc8/production/ba1175af626710624e3a01d6e68f8123ad974219-100x100.png,https://cdn.sanity.io/images/9b5twpc8/production/2fc6b673641b2cf92be433e02ef87a36ab8e2b0b-700x700.png | https://cdn.sanity.io/images/9b5twpc8/production/18913c136b720f61bd693ab169ab345f95398535-700x700.png | https://cdn.sanity.io/images/9b5twpc8/production/0e53a7b030bb77f6a57d7ce50eb2097a360425c7-100x100.png | https://cdn.sanity.io/images/9b5twpc8/production/20f453a057f10b335f410926d07f5d235be994ba-100x100.png | https://cdn.sanity.io/images/9b5twpc8/production/ba1175af626710624e3a01d6e68f8123ad974219-100x100.png,https://www.kentscientific.com/products/la-pias-mouse-ear-tags/
75,MANAGED_MULTI_REVIEW,La Pias Rat Ear Tags,la-pias-rat-ear-tags,RLPTAG-BLACK-1-100,UNVERIFIED,5,5,https://cdn.sanity.io/images/9b5twpc8/production/2fc6b673641b2cf92be433e02ef87a36ab8e2b0b-700x700.png | https://cdn.sanity.io/images/9b5twpc8/production/18913c136b720f61bd693ab169ab345f95398535-700x700.png | https://cdn.sanity.io/images/9b5twpc8/production/0e53a7b030bb77f6a57d7ce50eb2097a360425c7-100x100.png | https://cdn.sanity.io/images/9b5twpc8/production/20f453a057f10b335f410926d07f5d235be994ba-100x100.png | https://cdn.sanity.io/images/9b5twpc8/production/90f422fbf29223f8a81abe176d4cbaf04f5d8a57-100x100.png,https://cdn.sanity.io/images/9b5twpc8/production/2fc6b673641b2cf92be433e02ef87a36ab8e2b0b-700x700.png | https://cdn.sanity.io/images/9b5twpc8/production/18913c136b720f61bd693ab169ab345f95398535-700x700.png | https://cdn.sanity.io/images/9b5twpc8/production/0e53a7b030bb77f6a57d7ce50eb2097a360425c7-100x100.png | https://cdn.sanity.io/images/9b5twpc8/production/20f453a057f10b335f410926d07f5d235be994ba-100x100.png | https://cdn.sanity.io/images/9b5twpc8/production/90f422fbf29223f8a81abe176d4cbaf04f5d8a57-100x100.png,https://www.kentscientific.com/products/la-pias-rat-ear-tags/
76,MANAGED_MULTI_REVIEW,Large Animal Sensors,large-animal-sensors,MSTAT-SENSOR-LG,UNVERIFIED,4,5,https://cdn.sanity.io/images/9b5twpc8/production/18ac78212eba6f2673f4fb3c953265f2d96b37d6-700x700.png | https://cdn.sanity.io/images/9b5twpc8/production/65d2144c83df4ee746a8d786c016000d1e3f1ad1-100x100.png | https://cdn.sanity.io/images/9b5twpc8/production/315bc157f7cfc3037780183b98f10080aa04ff3c-100x100.png | https://cdn.sanity.io/images/9b5twpc8/production/3b889af309cabeb849ebbc00882bed0ed6c09150-100x100.png,https://cdn.sanity.io/images/9b5twpc8/production/18ac78212eba6f2673f4fb3c953265f2d96b37d6-700x700.png | https://cdn.sanity.io/images/9b5twpc8/production/65d2144c83df4ee746a8d786c016000d1e3f1ad1-100x100.png | https://cdn.sanity.io/images/9b5twpc8/production/315bc157f7cfc3037780183b98f10080aa04ff3c-100x100.png | https://cdn.sanity.io/images/9b5twpc8/production/3b889af309cabeb849ebbc00882bed0ed6c09150-100x100.png | https://www.kentscientific.com/wp-content/uploads/2025/09/SPO2-9MMM-1-1-600x600.png,https://www.kentscientific.com/products/large-animal-sensors/
77,MANAGED_MULTI_REVIEW,"Laser Etched Ear Tags, One Sided",laser-etched-ear-tags-one-sided,TAGL1-500,UNVERIFIED,7,8,https://cdn.sanity.io/images/9b5twpc8/production/6a547116cadf28dfa8d4ea779503cf17c64a0a0e-700x700.png | https://cdn.sanity.io/images/9b5twpc8/production/0d8fa803accaf15ceab6038392c279a1f2c4720a-700x700.png | https://cdn.sanity.io/images/9b5twpc8/production/90f422fbf29223f8a81abe176d4cbaf04f5d8a57-100x100.png | https://cdn.sanity.io/images/9b5twpc8/production/f80c5ffa256e0990f71b6616c489ea597ae8692f-100x100.png | https://cdn.sanity.io/images/9b5twpc8/production/0e53a7b030bb77f6a57d7ce50eb2097a360425c7-100x100.png | https://cdn.sanity.io/images/9b5twpc8/production/d46eee532b558067402eb0e88265e29414d98a1e-100x100.png | https://cdn.sanity.io/images/9b5twpc8/production/af3212d1598c567ac8f6dc7d6dd92f89529a47e8-197x148.jpg,https://cdn.sanity.io/images/9b5twpc8/production/6a547116cadf28dfa8d4ea779503cf17c64a0a0e-700x700.png | https://cdn.sanity.io/images/9b5twpc8/production/0d8fa803accaf15ceab6038392c279a1f2c4720a-700x700.png | https://cdn.sanity.io/images/9b5twpc8/production/90f422fbf29223f8a81abe176d4cbaf04f5d8a57-100x100.png | https://cdn.sanity.io/images/9b5twpc8/production/f80c5ffa256e0990f71b6616c489ea597ae8692f-100x100.png | https://cdn.sanity.io/images/9b5twpc8/production/0e53a7b030bb77f6a57d7ce50eb2097a360425c7-100x100.png | https://cdn.sanity.io/images/9b5twpc8/production/d46eee532b558067402eb0e88265e29414d98a1e-100x100.png | https://cdn.sanity.io/images/9b5twpc8/production/af3212d1598c567ac8f6dc7d6dd92f89529a47e8-197x148.jpg | https://www.kentscientific.com/wp-content/uploads/2025/09/laser-etched-ear-tags-600x600.png,https://www.kentscientific.com/products/laser-etched-ear-tags-one-sided/
78,MANAGED_MULTI_REVIEW,"Laser Etched Ear Tags, Two Sided",laser-etched-ear-tags-two-sided,TAGLD1-500,UNVERIFIED,7,8,https://cdn.sanity.io/images/9b5twpc8/production/1a493316594224cec7d00225e2ab7b369c8d0dfe-700x700.png | https://cdn.sanity.io/images/9b5twpc8/production/0d8fa803accaf15ceab6038392c279a1f2c4720a-700x700.png | https://cdn.sanity.io/images/9b5twpc8/production/d46eee532b558067402eb0e88265e29414d98a1e-100x100.png | https://cdn.sanity.io/images/9b5twpc8/production/f80c5ffa256e0990f71b6616c489ea597ae8692f-100x100.png | https://cdn.sanity.io/images/9b5twpc8/production/90f422fbf29223f8a81abe176d4cbaf04f5d8a57-100x100.png | https://cdn.sanity.io/images/9b5twpc8/production/3b8bb222e457aa3630d0b854b99603551c945272-100x100.png | https://cdn.sanity.io/images/9b5twpc8/production/af3212d1598c567ac8f6dc7d6dd92f89529a47e8-197x148.jpg,https://cdn.sanity.io/images/9b5twpc8/production/1a493316594224cec7d00225e2ab7b369c8d0dfe-700x700.png | https://cdn.sanity.io/images/9b5twpc8/production/0d8fa803accaf15ceab6038392c279a1f2c4720a-700x700.png | https://cdn.sanity.io/images/9b5twpc8/production/d46eee532b558067402eb0e88265e29414d98a1e-100x100.png | https://cdn.sanity.io/images/9b5twpc8/production/f80c5ffa256e0990f71b6616c489ea597ae8692f-100x100.png | https://cdn.sanity.io/images/9b5twpc8/production/90f422fbf29223f8a81abe176d4cbaf04f5d8a57-100x100.png | https://cdn.sanity.io/images/9b5twpc8/production/3b8bb222e457aa3630d0b854b99603551c945272-100x100.png | https://cdn.sanity.io/images/9b5twpc8/production/af3212d1598c567ac8f6dc7d6dd92f89529a47e8-197x148.jpg | https://www.kentscientific.com/wp-content/uploads/2025/09/laser-etched-2sided-ear-tags-600x600.png,https://www.kentscientific.com/products/laser-etched-ear-tags-two-sided/
79,MANAGED_MULTI_REVIEW,LED Lighting and Magnification Kit,led-lighting-kit,SURGI-5003,UNVERIFIED,4,4,https://cdn.sanity.io/images/9b5twpc8/production/e8823c213ac8efd51592aa8f037e806ddbdbf61f-700x700.png | https://cdn.sanity.io/images/9b5twpc8/production/34b7d50be5adc25525773013c0e536d53c7884fd-100x100.png | https://cdn.sanity.io/images/9b5twpc8/production/6b5bf14b8f79e0d21208f9b53bf2de5899cd88a1-100x100.png | https://cdn.sanity.io/images/9b5twpc8/production/6b30a59b27d088be8b3972387ef8f77b6f7b19f9-100x100.png,https://cdn.sanity.io/images/9b5twpc8/production/e8823c213ac8efd51592aa8f037e806ddbdbf61f-700x700.png | https://cdn.sanity.io/images/9b5twpc8/production/34b7d50be5adc25525773013c0e536d53c7884fd-100x100.png | https://cdn.sanity.io/images/9b5twpc8/production/6b5bf14b8f79e0d21208f9b53bf2de5899cd88a1-100x100.png | https://cdn.sanity.io/images/9b5twpc8/production/6b30a59b27d088be8b3972387ef8f77b6f7b19f9-100x100.png,https://www.kentscientific.com/products/led-lighting-kit/
80,MANAGED_MULTI_REVIEW,Low Cost Chambers,low-cost-chambers-for-somnosuite,SOMNO-0705,UNVERIFIED,3,4,https://cdn.sanity.io/images/9b5twpc8/production/25382c5c069a76e338ea54776f0dbb03163a9c43-700x700.png | https://cdn.sanity.io/images/9b5twpc8/production/e2259ea0e07f4f2d7430f4ec1b48d69dc8596ec5-100x100.png | https://cdn.sanity.io/images/9b5twpc8/production/cc8fab9871bb521d593934595de2cf65255ce8b2-100x100.png,https://cdn.sanity.io/images/9b5twpc8/production/25382c5c069a76e338ea54776f0dbb03163a9c43-700x700.png | https://cdn.sanity.io/images/9b5twpc8/production/e2259ea0e07f4f2d7430f4ec1b48d69dc8596ec5-100x100.png | https://cdn.sanity.io/images/9b5twpc8/production/cc8fab9871bb521d593934595de2cf65255ce8b2-100x100.png | https://www.kentscientific.com/wp-content/uploads/2025/09/LC-Chamber-Sizes_336x341edit__4L_copy-600x600.png,https://www.kentscientific.com/products/low-cost-chambers-for-somnosuite/
81,MANAGED_MULTI_REVIEW,Low Cost Chambers for Traditional Vaporizers,low-cost-chambers-for-traditional-vaporizers,VETFLO-0705,UNVERIFIED,3,4,https://cdn.sanity.io/images/9b5twpc8/production/25382c5c069a76e338ea54776f0dbb03163a9c43-700x700.png | https://cdn.sanity.io/images/9b5twpc8/production/e2259ea0e07f4f2d7430f4ec1b48d69dc8596ec5-100x100.png | https://cdn.sanity.io/images/9b5twpc8/production/2dfa8d6505ac918e826ee381430bde1552552734-100x100.png,https://cdn.sanity.io/images/9b5twpc8/production/25382c5c069a76e338ea54776f0dbb03163a9c43-700x700.png | https://cdn.sanity.io/images/9b5twpc8/production/e2259ea0e07f4f2d7430f4ec1b48d69dc8596ec5-100x100.png | https://cdn.sanity.io/images/9b5twpc8/production/2dfa8d6505ac918e826ee381430bde1552552734-100x100.png | https://www.kentscientific.com/wp-content/uploads/2025/09/LC-Chamber-Sizes_336x341edit__4L_copy-1-600x600.png,https://www.kentscientific.com/products/low-cost-chambers-for-traditional-vaporizers/
82,MANAGED_MULTI_REVIEW,Low Profile Anesthesia Masks for Traditional Vaporizers,low-profile-anesthesia-masks-for-traditional-vaporizers,VETFLO-0801,UNVERIFIED,9,10,https://cdn.sanity.io/images/9b5twpc8/production/bcc3a7988c7e7ea905cb98a2ce3170318860c11d-700x700.png | https://cdn.sanity.io/images/9b5twpc8/production/f46d9e10797fc0ce23f055145714e750b292a66a-700x700.png | https://cdn.sanity.io/images/9b5twpc8/production/10b7af3b7d83abc62dd1128308dd66a423bd3f82-700x700.png | https://cdn.sanity.io/images/9b5twpc8/production/42fcc68daebbe3adb7377c83ce859d971e61a43e-700x700.png | https://cdn.sanity.io/images/9b5twpc8/production/2dfa8d6505ac918e826ee381430bde1552552734-100x100.png | https://cdn.sanity.io/images/9b5twpc8/production/8cce0bd46f7c103afe7f106348429b953c02eac5-100x100.png | https://cdn.sanity.io/images/9b5twpc8/production/d184b500fbec390b292934a49bba2f5ce5253e80-100x100.png | https://cdn.sanity.io/images/9b5twpc8/production/39dea544e290f20321f17e6c630dfb7bfcf411dd-100x100.png | https://cdn.sanity.io/images/9b5twpc8/production/205964281cad45bc140c66a2d47cc318b1989322-100x100.png,https://cdn.sanity.io/images/9b5twpc8/production/bcc3a7988c7e7ea905cb98a2ce3170318860c11d-700x700.png | https://cdn.sanity.io/images/9b5twpc8/production/f46d9e10797fc0ce23f055145714e750b292a66a-700x700.png | https://cdn.sanity.io/images/9b5twpc8/production/10b7af3b7d83abc62dd1128308dd66a423bd3f82-700x700.png | https://cdn.sanity.io/images/9b5twpc8/production/42fcc68daebbe3adb7377c83ce859d971e61a43e-700x700.png | https://cdn.sanity.io/images/9b5twpc8/production/2dfa8d6505ac918e826ee381430bde1552552734-100x100.png | https://cdn.sanity.io/images/9b5twpc8/production/8cce0bd46f7c103afe7f106348429b953c02eac5-100x100.png | https://cdn.sanity.io/images/9b5twpc8/production/d184b500fbec390b292934a49bba2f5ce5253e80-100x100.png | https://cdn.sanity.io/images/9b5twpc8/production/39dea544e290f20321f17e6c630dfb7bfcf411dd-100x100.png | https://cdn.sanity.io/images/9b5twpc8/production/205964281cad45bc140c66a2d47cc318b1989322-100x100.png | https://www.kentscientific.com/wp-content/uploads/2025/09/Low_Profile_4_sizes__2-2-600x600.png,https://www.kentscientific.com/products/low-profile-anesthesia-masks-for-traditional-vaporizers/
83,MANAGED_MULTI_REVIEW,Low-Profile Anesthesia Masks,low-profile-anesthesia-masks-for-somnosuite,SOMNO-0801,UNVERIFIED,9,10,https://cdn.sanity.io/images/9b5twpc8/production/bcc3a7988c7e7ea905cb98a2ce3170318860c11d-700x700.png | https://cdn.sanity.io/images/9b5twpc8/production/f46d9e10797fc0ce23f055145714e750b292a66a-700x700.png | https://cdn.sanity.io/images/9b5twpc8/production/10b7af3b7d83abc62dd1128308dd66a423bd3f82-700x700.png | https://cdn.sanity.io/images/9b5twpc8/production/42fcc68daebbe3adb7377c83ce859d971e61a43e-700x700.png | https://cdn.sanity.io/images/9b5twpc8/production/2dfa8d6505ac918e826ee381430bde1552552734-100x100.png | https://cdn.sanity.io/images/9b5twpc8/production/8cce0bd46f7c103afe7f106348429b953c02eac5-100x100.png | https://cdn.sanity.io/images/9b5twpc8/production/d184b500fbec390b292934a49bba2f5ce5253e80-100x100.png | https://cdn.sanity.io/images/9b5twpc8/production/39dea544e290f20321f17e6c630dfb7bfcf411dd-100x100.png | https://cdn.sanity.io/images/9b5twpc8/production/e2259ea0e07f4f2d7430f4ec1b48d69dc8596ec5-100x100.png,https://cdn.sanity.io/images/9b5twpc8/production/bcc3a7988c7e7ea905cb98a2ce3170318860c11d-700x700.png | https://cdn.sanity.io/images/9b5twpc8/production/f46d9e10797fc0ce23f055145714e750b292a66a-700x700.png | https://cdn.sanity.io/images/9b5twpc8/production/10b7af3b7d83abc62dd1128308dd66a423bd3f82-700x700.png | https://cdn.sanity.io/images/9b5twpc8/production/42fcc68daebbe3adb7377c83ce859d971e61a43e-700x700.png | https://cdn.sanity.io/images/9b5twpc8/production/2dfa8d6505ac918e826ee381430bde1552552734-100x100.png | https://cdn.sanity.io/images/9b5twpc8/production/8cce0bd46f7c103afe7f106348429b953c02eac5-100x100.png | https://cdn.sanity.io/images/9b5twpc8/production/d184b500fbec390b292934a49bba2f5ce5253e80-100x100.png | https://cdn.sanity.io/images/9b5twpc8/production/39dea544e290f20321f17e6c630dfb7bfcf411dd-100x100.png | https://cdn.sanity.io/images/9b5twpc8/production/e2259ea0e07f4f2d7430f4ec1b48d69dc8596ec5-100x100.png | https://www.kentscientific.com/wp-content/uploads/2025/09/Low_Profile_4_sizes__2-2-600x600.png,https://www.kentscientific.com/products/low-profile-anesthesia-masks-for-somnosuite/
84,MANAGED_MULTI_REVIEW,Lung Instillation Nebulizer Delivery System,lung-instillation-nebulizer-delivery-system,NEB-1200,UNVERIFIED,4,4,https://cdn.sanity.io/images/9b5twpc8/production/ab2b6af813928ba3012ee098734b688c88b20d9b-700x700.png | https://cdn.sanity.io/images/9b5twpc8/production/f788c5cfc13a2c21c1ba5b6362bb05e789e2e395-100x100.png | https://cdn.sanity.io/images/9b5twpc8/production/e9e4e4702b1ab39e73ef150683a3e598cad454a1-100x100.png | https://cdn.sanity.io/images/9b5twpc8/production/a7fffc07da216ac399afe3d84dd96599b24f9da0-100x100.png,https://cdn.sanity.io/images/9b5twpc8/production/ab2b6af813928ba3012ee098734b688c88b20d9b-700x700.png | https://cdn.sanity.io/images/9b5twpc8/production/f788c5cfc13a2c21c1ba5b6362bb05e789e2e395-100x100.png | https://cdn.sanity.io/images/9b5twpc8/production/e9e4e4702b1ab39e73ef150683a3e598cad454a1-100x100.png | https://cdn.sanity.io/images/9b5twpc8/production/a7fffc07da216ac399afe3d84dd96599b24f9da0-100x100.png,https://www.kentscientific.com/products/lung-instillation-nebulizer-delivery-system/
85,MANAGED_MULTI_REVIEW,Magnetic Fixators with Spring Locks,magnetic-fixators-with-spring-locks,SURGI-5010-2,UNVERIFIED,8,9,https://cdn.sanity.io/images/9b5twpc8/production/65426ce593849e4e08f1e271a33606dac28dae55-700x700.png | https://cdn.sanity.io/images/9b5twpc8/production/c5a062bf0b634f28947ea104f3d32ced6d9896e5-700x700.png | https://cdn.sanity.io/images/9b5twpc8/production/978f52cc5c9417a62335ce0dac3926fa85ff6c55-700x700.png | https://cdn.sanity.io/images/9b5twpc8/production/6b30a59b27d088be8b3972387ef8f77b6f7b19f9-100x100.png | https://cdn.sanity.io/images/9b5twpc8/production/a583d6b59dec202d28e761020182128ab492a86c-100x100.png | https://cdn.sanity.io/images/9b5twpc8/production/9cd993fe97dd0d016581e225ca17d44c847bb69e-100x100.png | https://cdn.sanity.io/images/9b5twpc8/production/34b7d50be5adc25525773013c0e536d53c7884fd-100x100.png | https://cdn.sanity.io/images/9b5twpc8/production/988f61386e27d4eb9fe5a1785864acbd14b2d6bd-100x100.png,https://cdn.sanity.io/images/9b5twpc8/production/65426ce593849e4e08f1e271a33606dac28dae55-700x700.png | https://cdn.sanity.io/images/9b5twpc8/production/c5a062bf0b634f28947ea104f3d32ced6d9896e5-700x700.png | https://cdn.sanity.io/images/9b5twpc8/production/978f52cc5c9417a62335ce0dac3926fa85ff6c55-700x700.png | https://cdn.sanity.io/images/9b5twpc8/production/6b30a59b27d088be8b3972387ef8f77b6f7b19f9-100x100.png | https://cdn.sanity.io/images/9b5twpc8/production/a583d6b59dec202d28e761020182128ab492a86c-100x100.png | https://cdn.sanity.io/images/9b5twpc8/production/9cd993fe97dd0d016581e225ca17d44c847bb69e-100x100.png | https://cdn.sanity.io/images/9b5twpc8/production/34b7d50be5adc25525773013c0e536d53c7884fd-100x100.png | https://cdn.sanity.io/images/9b5twpc8/production/988f61386e27d4eb9fe5a1785864acbd14b2d6bd-100x100.png | https://www.kentscientific.com/wp-content/uploads/2025/09/SURGI-5011-2_PAIR_silo-2-600x600.png,https://www.kentscientific.com/products/magnetic-fixators-with-spring-locks/
86,MANAGED_MULTI_REVIEW,Magnetic Positioners and Stabilizers,magnetic-positioners-and-stabilizers,SURGI-5030-2,UNVERIFIED,4,4,https://cdn.sanity.io/images/9b5twpc8/production/b95e929e039a1c3e9574186ec3df9ea36d07ae55-700x700.png | https://cdn.sanity.io/images/9b5twpc8/production/988f61386e27d4eb9fe5a1785864acbd14b2d6bd-100x100.png | https://cdn.sanity.io/images/9b5twpc8/production/6b30a59b27d088be8b3972387ef8f77b6f7b19f9-100x100.png | https://cdn.sanity.io/images/9b5twpc8/production/0c182c43f62cf05f839856d037dd5866eb753c2c-100x100.png,https://cdn.sanity.io/images/9b5twpc8/production/b95e929e039a1c3e9574186ec3df9ea36d07ae55-700x700.png | https://cdn.sanity.io/images/9b5twpc8/production/988f61386e27d4eb9fe5a1785864acbd14b2d6bd-100x100.png | https://cdn.sanity.io/images/9b5twpc8/production/6b30a59b27d088be8b3972387ef8f77b6f7b19f9-100x100.png | https://cdn.sanity.io/images/9b5twpc8/production/0c182c43f62cf05f839856d037dd5866eb753c2c-100x100.png,https://www.kentscientific.com/products/magnetic-positioners-and-stabilizers/
87,MANAGED_MULTI_REVIEW,Mayo Operating Scissors Straight,mayo-operating-scissors-straight,INS700540,UNVERIFIED,4,4,https://cdn.sanity.io/images/9b5twpc8/production/17a10516da0d4ebbd1f115d1c1d16b6ca77d4fe2-700x700.png | https://cdn.sanity.io/images/9b5twpc8/production/0c182c43f62cf05f839856d037dd5866eb753c2c-100x100.png | https://cdn.sanity.io/images/9b5twpc8/production/988f61386e27d4eb9fe5a1785864acbd14b2d6bd-100x100.png | https://cdn.sanity.io/images/9b5twpc8/production/6d305793dd646fa0bbe0e9cd9fecf2c957e94c02-100x100.png,https://cdn.sanity.io/images/9b5twpc8/production/17a10516da0d4ebbd1f115d1c1d16b6ca77d4fe2-700x700.png | https://cdn.sanity.io/images/9b5twpc8/production/0c182c43f62cf05f839856d037dd5866eb753c2c-100x100.png | https://cdn.sanity.io/images/9b5twpc8/production/988f61386e27d4eb9fe5a1785864acbd14b2d6bd-100x100.png | https://cdn.sanity.io/images/9b5twpc8/production/6d305793dd646fa0bbe0e9cd9fecf2c957e94c02-100x100.png,https://www.kentscientific.com/products/mayo-operating-scissors-straight/
88,MANAGED_MULTI_REVIEW,McPherson Vannas Micro Scissors 7 cm Long,mcpherson-vannas-micro-scissors-7-cm-long,INS600177,UNVERIFIED,4,4,https://cdn.sanity.io/images/9b5twpc8/production/74d34e0f381936487c7f3f9c0afed1767408b09b-700x700.png | https://cdn.sanity.io/images/9b5twpc8/production/6d305793dd646fa0bbe0e9cd9fecf2c957e94c02-100x100.png | https://cdn.sanity.io/images/9b5twpc8/production/0c182c43f62cf05f839856d037dd5866eb753c2c-100x100.png | https://cdn.sanity.io/images/9b5twpc8/production/8faf4fda61fe597cfbb0946782f2b6d2080babf1-100x100.png,https://cdn.sanity.io/images/9b5twpc8/production/74d34e0f381936487c7f3f9c0afed1767408b09b-700x700.png | https://cdn.sanity.io/images/9b5twpc8/production/6d305793dd646fa0bbe0e9cd9fecf2c957e94c02-100x100.png | https://cdn.sanity.io/images/9b5twpc8/production/0c182c43f62cf05f839856d037dd5866eb753c2c-100x100.png | https://cdn.sanity.io/images/9b5twpc8/production/8faf4fda61fe597cfbb0946782f2b6d2080babf1-100x100.png,https://www.kentscientific.com/products/mcpherson-vannas-micro-scissors-7-cm-long/
89,MANAGED_MULTI_REVIEW,McPherson Vannas Micro Scissors 8 cm Long,mcpherson-vannas-micro-scissors-8-cm-long,INS600124,UNVERIFIED,4,4,https://cdn.sanity.io/images/9b5twpc8/production/dbc57a125c6885e08b871ffe24f321658fe0508a-700x700.png | https://cdn.sanity.io/images/9b5twpc8/production/8faf4fda61fe597cfbb0946782f2b6d2080babf1-100x100.png | https://cdn.sanity.io/images/9b5twpc8/production/6d305793dd646fa0bbe0e9cd9fecf2c957e94c02-100x100.png | https://cdn.sanity.io/images/9b5twpc8/production/80aa5bea3966e9cd9b545bc78bcf306ed8b17f34-100x100.png,https://cdn.sanity.io/images/9b5twpc8/production/dbc57a125c6885e08b871ffe24f321658fe0508a-700x700.png | https://cdn.sanity.io/images/9b5twpc8/production/8faf4fda61fe597cfbb0946782f2b6d2080babf1-100x100.png | https://cdn.sanity.io/images/9b5twpc8/production/6d305793dd646fa0bbe0e9cd9fecf2c957e94c02-100x100.png | https://cdn.sanity.io/images/9b5twpc8/production/80aa5bea3966e9cd9b545bc78bcf306ed8b17f34-100x100.png,https://www.kentscientific.com/products/mcpherson-vannas-micro-scissors-8-cm-long/
90,MANAGED_MULTI_REVIEW,Micro Bulldog Clamp,micro-bulldog-clamp,INS600119-2,UNVERIFIED,4,4,https://cdn.sanity.io/images/9b5twpc8/production/8d0a5ee9e488dd43a5d69f295f25b81fe1f0264c-700x700.png | https://cdn.sanity.io/images/9b5twpc8/production/80aa5bea3966e9cd9b545bc78bcf306ed8b17f34-100x100.png | https://cdn.sanity.io/images/9b5twpc8/production/8faf4fda61fe597cfbb0946782f2b6d2080babf1-100x100.png | https://cdn.sanity.io/images/9b5twpc8/production/071d0b671cde93232c3da4749fa3bc8150dbadf9-100x100.png,https://cdn.sanity.io/images/9b5twpc8/production/8d0a5ee9e488dd43a5d69f295f25b81fe1f0264c-700x700.png | https://cdn.sanity.io/images/9b5twpc8/production/80aa5bea3966e9cd9b545bc78bcf306ed8b17f34-100x100.png | https://cdn.sanity.io/images/9b5twpc8/production/8faf4fda61fe597cfbb0946782f2b6d2080babf1-100x100.png | https://cdn.sanity.io/images/9b5twpc8/production/071d0b671cde93232c3da4749fa3bc8150dbadf9-100x100.png,https://www.kentscientific.com/products/micro-bulldog-clamp/
91,MANAGED_MULTI_REVIEW,Micro Dissecting Forceps Serrated Straight,micro-dissecting-forceps-serrated-straight,INS700100-2,UNVERIFIED,4,4,https://cdn.sanity.io/images/9b5twpc8/production/4d4e33d4c3afbfbaa7c150f14f108d4434180d02-700x700.png | https://cdn.sanity.io/images/9b5twpc8/production/071d0b671cde93232c3da4749fa3bc8150dbadf9-100x100.png | https://cdn.sanity.io/images/9b5twpc8/production/80aa5bea3966e9cd9b545bc78bcf306ed8b17f34-100x100.png | https://cdn.sanity.io/images/9b5twpc8/production/7a3edd7fe509027a0a450cbfcc754c83ea31b81f-100x100.png,https://cdn.sanity.io/images/9b5twpc8/production/4d4e33d4c3afbfbaa7c150f14f108d4434180d02-700x700.png | https://cdn.sanity.io/images/9b5twpc8/production/071d0b671cde93232c3da4749fa3bc8150dbadf9-100x100.png | https://cdn.sanity.io/images/9b5twpc8/production/80aa5bea3966e9cd9b545bc78bcf306ed8b17f34-100x100.png | https://cdn.sanity.io/images/9b5twpc8/production/7a3edd7fe509027a0a450cbfcc754c83ea31b81f-100x100.png,https://www.kentscientific.com/products/micro-dissecting-forceps-serrated-straight/
92,MANAGED_MULTI_REVIEW,Micro Transponder with Lancet for Direct Implantation,micro-transponder-with-lancet-for-direct-implantation,ID-100C-25,UNVERIFIED,6,7,https://cdn.sanity.io/images/9b5twpc8/production/4d882ad668258697330f28f0a2095d3b8f946b9a-700x700.png | https://cdn.sanity.io/images/9b5twpc8/production/3b8bb222e457aa3630d0b854b99603551c945272-100x100.png | https://cdn.sanity.io/images/9b5twpc8/production/d46eee532b558067402eb0e88265e29414d98a1e-100x100.png | https://cdn.sanity.io/images/9b5twpc8/production/e6047b353f3e512512665adb7fc0358ed4767cca-100x100.png | https://cdn.sanity.io/images/9b5twpc8/production/38d1af37d4192bb2a861157a270e351a573a528b-47x48.svg | https://cdn.sanity.io/images/9b5twpc8/production/f8e3740e756054479c7ed4cd4fc176b2c76a5b63-112x54.png,https://cdn.sanity.io/images/9b5twpc8/production/4d882ad668258697330f28f0a2095d3b8f946b9a-700x700.png | https://cdn.sanity.io/images/9b5twpc8/production/3b8bb222e457aa3630d0b854b99603551c945272-100x100.png | https://cdn.sanity.io/images/9b5twpc8/production/d46eee532b558067402eb0e88265e29414d98a1e-100x100.png | https://cdn.sanity.io/images/9b5twpc8/production/e6047b353f3e512512665adb7fc0358ed4767cca-100x100.png | https://cdn.sanity.io/images/9b5twpc8/production/38d1af37d4192bb2a861157a270e351a573a528b-47x48.svg | https://cdn.sanity.io/images/9b5twpc8/production/f8e3740e756054479c7ed4cd4fc176b2c76a5b63-112x54.png | https://www.kentscientific.com/wp-content/uploads/2025/09/ID-100C_closeup-2-600x600.png,https://www.kentscientific.com/products/micro-transponder-with-lancet-for-direct-implantation/
93,MANAGED_MULTI_REVIEW,Microvette® 100 Blood Collection Tubes,microvette-100-capillary-blood-collection-with-round-bottom-inner-tube-edta,MCVT100-EDTA,UNVERIFIED,4,7,https://cdn.sanity.io/images/9b5twpc8/production/8976c15981b1ec420d3e564b5c815b5a7f444f2d-700x700.png | https://cdn.sanity.io/images/9b5twpc8/production/5df0b5b9b2ba5c640bd631067d680d5c1c739a10-100x100.png | https://cdn.sanity.io/images/9b5twpc8/production/0622fbf9ff145401f00fde4713560f91d171e16a-100x100.png | https://cdn.sanity.io/images/9b5twpc8/production/96455f27310ae56c04f814aa5c907e39557eb988-100x100.png,https://cdn.sanity.io/images/9b5twpc8/production/8976c15981b1ec420d3e564b5c815b5a7f444f2d-700x700.png | https://cdn.sanity.io/images/9b5twpc8/production/5df0b5b9b2ba5c640bd631067d680d5c1c739a10-100x100.png | https://cdn.sanity.io/images/9b5twpc8/production/0622fbf9ff145401f00fde4713560f91d171e16a-100x100.png | https://cdn.sanity.io/images/9b5twpc8/production/96455f27310ae56c04f814aa5c907e39557eb988-100x100.png | https://www.kentscientific.com/wp-content/uploads/2025/09/MCVT100-EDTA_20_1278_100-600x600.png | https://www.kentscientific.com/wp-content/uploads/2025/09/MCVT100-LIHEP_20_1282_100-600x600.png | https://www.kentscientific.com/wp-content/uploads/2025/09/MCVT100-SER_20_1280_100-600x600.png,https://www.kentscientific.com/products/microvette-100-capillary-blood-collection-with-round-bottom-inner-tube-edta/
94,MANAGED_MULTI_REVIEW,Microvette® 200 Blood Collection Tubes,microvette-200-capillary-blood-collection-with-round-bottom-inner-tube-edta,MCVT200-EDTA,UNVERIFIED,3,6,https://cdn.sanity.io/images/9b5twpc8/production/5ece3406fd7713e6c2554e1349527cfd1602d495-700x700.png | https://cdn.sanity.io/images/9b5twpc8/production/b49b51ff78331e4f6ea913bfd96a7bd9d7412c02-100x100.png | https://cdn.sanity.io/images/9b5twpc8/production/490d6d2b8eaa5817d215552e7c7d1545fb461773-100x100.png,https://cdn.sanity.io/images/9b5twpc8/production/5ece3406fd7713e6c2554e1349527cfd1602d495-700x700.png | https://cdn.sanity.io/images/9b5twpc8/production/b49b51ff78331e4f6ea913bfd96a7bd9d7412c02-100x100.png | https://cdn.sanity.io/images/9b5twpc8/production/490d6d2b8eaa5817d215552e7c7d1545fb461773-100x100.png | https://www.kentscientific.com/wp-content/uploads/2025/09/MCVT200-EDTA_20_1288_100-1-600x600.png | https://www.kentscientific.com/wp-content/uploads/2025/09/MCVT200-LIHEP_20_1292_100-1-600x600.png | https://www.kentscientific.com/wp-content/uploads/2025/09/MCVT200-SER_20_1290_100-1-600x600.png,https://www.kentscientific.com/products/microvette-200-capillary-blood-collection-with-round-bottom-inner-tube-edta/
95,MANAGED_MULTI_REVIEW,Microvette® CB 300 Blood Collection Tubes,microvette-cb-300-blood-collection-system,KMIC-EDTA,UNVERIFIED,4,7,https://cdn.sanity.io/images/9b5twpc8/production/405676e5319ff8a6aec94561c7a17ad083e22a90-700x700.png | https://cdn.sanity.io/images/9b5twpc8/production/96455f27310ae56c04f814aa5c907e39557eb988-100x100.png | https://cdn.sanity.io/images/9b5twpc8/production/5df0b5b9b2ba5c640bd631067d680d5c1c739a10-100x100.png | https://cdn.sanity.io/images/9b5twpc8/production/ecfef9c1c44b8cf4a6a666a15c9583b61d3b8487-100x100.png,https://cdn.sanity.io/images/9b5twpc8/production/405676e5319ff8a6aec94561c7a17ad083e22a90-700x700.png | https://cdn.sanity.io/images/9b5twpc8/production/96455f27310ae56c04f814aa5c907e39557eb988-100x100.png | https://cdn.sanity.io/images/9b5twpc8/production/5df0b5b9b2ba5c640bd631067d680d5c1c739a10-100x100.png | https://cdn.sanity.io/images/9b5twpc8/production/ecfef9c1c44b8cf4a6a666a15c9583b61d3b8487-100x100.png | https://www.kentscientific.com/wp-content/uploads/2025/09/KMIC-EDTA_16_444_100-600x600.png | https://www.kentscientific.com/wp-content/uploads/2025/09/KMIC-LIHEP_16_443_100-600x600.png | https://www.kentscientific.com/wp-content/uploads/2025/09/KMIC-SER_16_440_100-600x600.png,https://www.kentscientific.com/products/microvette-cb-300-blood-collection-system/
96,MANAGED_MULTI_REVIEW,Microvette® Prepared Micro Tubes,microvette-prepared-micro-tubes-with-screw-cap-closure-edta,MTSC-EDTA,UNVERIFIED,4,7,https://cdn.sanity.io/images/9b5twpc8/production/4e46d9077cffe82d8153e39621b20f63e9804f63-700x700.png | https://cdn.sanity.io/images/9b5twpc8/production/ecfef9c1c44b8cf4a6a666a15c9583b61d3b8487-100x100.png | https://cdn.sanity.io/images/9b5twpc8/production/96455f27310ae56c04f814aa5c907e39557eb988-100x100.png | https://cdn.sanity.io/images/9b5twpc8/production/490d6d2b8eaa5817d215552e7c7d1545fb461773-100x100.png,https://cdn.sanity.io/images/9b5twpc8/production/4e46d9077cffe82d8153e39621b20f63e9804f63-700x700.png | https://cdn.sanity.io/images/9b5twpc8/production/ecfef9c1c44b8cf4a6a666a15c9583b61d3b8487-100x100.png | https://cdn.sanity.io/images/9b5twpc8/production/96455f27310ae56c04f814aa5c907e39557eb988-100x100.png | https://cdn.sanity.io/images/9b5twpc8/production/490d6d2b8eaa5817d215552e7c7d1545fb461773-100x100.png | https://www.kentscientific.com/wp-content/uploads/2025/09/MTSC-EDTA_41_1395_105-600x600.png | https://www.kentscientific.com/wp-content/uploads/2025/09/MTSC-LIHEP_41_1393_105-600x600.png | https://www.kentscientific.com/wp-content/uploads/2025/09/MTSC-SER_41_1392_105-600x600.png,https://www.kentscientific.com/products/microvette-prepared-micro-tubes-with-screw-cap-closure-edta/
97,MANAGED_MULTI_REVIEW,Mid Range Reader USB,mid-range-reader-usb,LID-575,UNVERIFIED,4,4,https://cdn.sanity.io/images/9b5twpc8/production/9d0ee62d858ffe779f4bccbe7726d3e1788a6fa8-700x700.png | https://cdn.sanity.io/images/9b5twpc8/production/e6047b353f3e512512665adb7fc0358ed4767cca-100x100.png | https://cdn.sanity.io/images/9b5twpc8/production/3b8bb222e457aa3630d0b854b99603551c945272-100x100.png | https://cdn.sanity.io/images/9b5twpc8/production/6f3b494068e66ff03aaebf769cac1d934f989025-100x100.png,https://cdn.sanity.io/images/9b5twpc8/production/9d0ee62d858ffe779f4bccbe7726d3e1788a6fa8-700x700.png | https://cdn.sanity.io/images/9b5twpc8/production/e6047b353f3e512512665adb7fc0358ed4767cca-100x100.png | https://cdn.sanity.io/images/9b5twpc8/production/3b8bb222e457aa3630d0b854b99603551c945272-100x100.png | https://cdn.sanity.io/images/9b5twpc8/production/6f3b494068e66ff03aaebf769cac1d934f989025-100x100.png,https://www.kentscientific.com/products/mid-range-reader-usb/
98,MANAGED_MULTI_REVIEW,MiniARCO® Clipper Kit,miniarco-clipper,CL8787-KIT,UNVERIFIED,4,4,https://cdn.sanity.io/images/9b5twpc8/production/ff9732758424908dcc87113d8a723bcc66aa47fd-700x700.png | https://cdn.sanity.io/images/9b5twpc8/production/9f88145ddf3946b3f93c88792f2e2a06968111de-100x100.png | https://cdn.sanity.io/images/9b5twpc8/production/7841f062a84d8d3cbd043b23d2b5371ac79e9fcf-100x100.png | https://cdn.sanity.io/images/9b5twpc8/production/da7b82eee169b68bd735c34dff7cc5b48d3fadf0-100x100.png,https://cdn.sanity.io/images/9b5twpc8/production/ff9732758424908dcc87113d8a723bcc66aa47fd-700x700.png | https://cdn.sanity.io/images/9b5twpc8/production/9f88145ddf3946b3f93c88792f2e2a06968111de-100x100.png | https://cdn.sanity.io/images/9b5twpc8/production/7841f062a84d8d3cbd043b23d2b5371ac79e9fcf-100x100.png | https://cdn.sanity.io/images/9b5twpc8/production/da7b82eee169b68bd735c34dff7cc5b48d3fadf0-100x100.png,https://www.kentscientific.com/products/miniarco-clipper/
99,MANAGED_MULTI_REVIEW,"Mobile Cart for Laboratory Equipment, Large",mobile-cart-for-laboratory-equipment-large,MC-02,UNVERIFIED,7,7,https://cdn.sanity.io/images/9b5twpc8/production/7bfa3aff2c01420387ec76aae95c2f135a15698b-700x700.png | https://cdn.sanity.io/images/9b5twpc8/production/d43fe98aff0b74b093f00876bc6d8bcd2a614370-700x700.png | https://cdn.sanity.io/images/9b5twpc8/production/d6a7a9b7effbdd3c6cd11e4c0c8e38cc22ff349f-700x700.png | https://cdn.sanity.io/images/9b5twpc8/production/91deabfbf0029987a5d077ef3ea34abba83e973c-100x100.png | https://cdn.sanity.io/images/9b5twpc8/production/dd4db4fa6291e0d0f360a8d5ec24104f8c5b9ce8-100x100.png | https://cdn.sanity.io/images/9b5twpc8/production/029efa6ef45b00b460175cf52812a75440816438-100x100.png | https://cdn.sanity.io/images/9b5twpc8/production/349f0d46cad4a0f721382255e445da601f05ebfb-100x100.png,https://cdn.sanity.io/images/9b5twpc8/production/7bfa3aff2c01420387ec76aae95c2f135a15698b-700x700.png | https://cdn.sanity.io/images/9b5twpc8/production/d43fe98aff0b74b093f00876bc6d8bcd2a614370-700x700.png | https://cdn.sanity.io/images/9b5twpc8/production/d6a7a9b7effbdd3c6cd11e4c0c8e38cc22ff349f-700x700.png | https://cdn.sanity.io/images/9b5twpc8/production/91deabfbf0029987a5d077ef3ea34abba83e973c-100x100.png | https://cdn.sanity.io/images/9b5twpc8/production/dd4db4fa6291e0d0f360a8d5ec24104f8c5b9ce8-100x100.png | https://cdn.sanity.io/images/9b5twpc8/production/029efa6ef45b00b460175cf52812a75440816438-100x100.png | https://cdn.sanity.io/images/9b5twpc8/production/349f0d46cad4a0f721382255e445da601f05ebfb-100x100.png,https://www.kentscientific.com/products/mobile-cart-for-laboratory-equipment-large/
100,MANAGED_MULTI_REVIEW,"Mobile Cart for Laboratory Equipment, Small",mobile-cart-for-laboratory-equipment-small,MC-01,UNVERIFIED,7,7,https://cdn.sanity.io/images/9b5twpc8/production/f81140828a59d998db2db64d62b42fe6fafe0177-700x700.png | https://cdn.sanity.io/images/9b5twpc8/production/d43fe98aff0b74b093f00876bc6d8bcd2a614370-700x700.png | https://cdn.sanity.io/images/9b5twpc8/production/d6a7a9b7effbdd3c6cd11e4c0c8e38cc22ff349f-700x700.png | https://cdn.sanity.io/images/9b5twpc8/production/349f0d46cad4a0f721382255e445da601f05ebfb-100x100.png | https://cdn.sanity.io/images/9b5twpc8/production/dd4db4fa6291e0d0f360a8d5ec24104f8c5b9ce8-100x100.png | https://cdn.sanity.io/images/9b5twpc8/production/029efa6ef45b00b460175cf52812a75440816438-100x100.png | https://cdn.sanity.io/images/9b5twpc8/production/91deabfbf0029987a5d077ef3ea34abba83e973c-100x100.png,https://cdn.sanity.io/images/9b5twpc8/production/f81140828a59d998db2db64d62b42fe6fafe0177-700x700.png | https://cdn.sanity.io/images/9b5twpc8/production/d43fe98aff0b74b093f00876bc6d8bcd2a614370-700x700.png | https://cdn.sanity.io/images/9b5twpc8/production/d6a7a9b7effbdd3c6cd11e4c0c8e38cc22ff349f-700x700.png | https://cdn.sanity.io/images/9b5twpc8/production/349f0d46cad4a0f721382255e445da601f05ebfb-100x100.png | https://cdn.sanity.io/images/9b5twpc8/production/dd4db4fa6291e0d0f360a8d5ec24104f8c5b9ce8-100x100.png | https://cdn.sanity.io/images/9b5twpc8/production/029efa6ef45b00b460175cf52812a75440816438-100x100.png | https://cdn.sanity.io/images/9b5twpc8/production/91deabfbf0029987a5d077ef3ea34abba83e973c-100x100.png,https://www.kentscientific.com/products/mobile-cart-for-laboratory-equipment-small/
101,MANAGED_MULTI_REVIEW,Mouse Handling Tunnels,mouse-handling-tunnels,MSETUBE-AMB,UNVERIFIED,4,5,https://cdn.sanity.io/images/9b5twpc8/production/6d8d9c870af86574a43bf987dd865e24d7d489a4-700x700.png | https://cdn.sanity.io/images/9b5twpc8/production/da7b82eee169b68bd735c34dff7cc5b48d3fadf0-100x100.png | https://cdn.sanity.io/images/9b5twpc8/production/9f88145ddf3946b3f93c88792f2e2a06968111de-100x100.png | https://cdn.sanity.io/images/9b5twpc8/production/2b989910b8706adbe07c25c50f6165cf1df3c01a-100x100.png,https://cdn.sanity.io/images/9b5twpc8/production/6d8d9c870af86574a43bf987dd865e24d7d489a4-700x700.png | https://cdn.sanity.io/images/9b5twpc8/production/da7b82eee169b68bd735c34dff7cc5b48d3fadf0-100x100.png | https://cdn.sanity.io/images/9b5twpc8/production/9f88145ddf3946b3f93c88792f2e2a06968111de-100x100.png | https://cdn.sanity.io/images/9b5twpc8/production/2b989910b8706adbe07c25c50f6165cf1df3c01a-100x100.png | https://www.kentscientific.com/wp-content/uploads/2025/09/Temporary_image_of_mouse_tunnels-2-600x600.png,https://www.kentscientific.com/products/mouse-handling-tunnels/
102,MANAGED_MULTI_REVIEW,Mouse Paw Pulse Oximeter Sensors,mouse-paw-pulse-oximeter-sensors,MSTAT-SENSOR-MSE,UNVERIFIED,4,5,https://cdn.sanity.io/images/9b5twpc8/production/0142462209ccabba2cba6976fc0c348d49725a4d-700x700.png | https://cdn.sanity.io/images/9b5twpc8/production/3b889af309cabeb849ebbc00882bed0ed6c09150-100x100.png | https://cdn.sanity.io/images/9b5twpc8/production/65d2144c83df4ee746a8d786c016000d1e3f1ad1-100x100.png | https://cdn.sanity.io/images/9b5twpc8/production/6b7137e7b1a60d9a349588debcf2e37e153b0018-100x100.png,https://cdn.sanity.io/images/9b5twpc8/production/0142462209ccabba2cba6976fc0c348d49725a4d-700x700.png | https://cdn.sanity.io/images/9b5twpc8/production/3b889af309cabeb849ebbc00882bed0ed6c09150-100x100.png | https://cdn.sanity.io/images/9b5twpc8/production/65d2144c83df4ee746a8d786c016000d1e3f1ad1-100x100.png | https://cdn.sanity.io/images/9b5twpc8/production/6b7137e7b1a60d9a349588debcf2e37e153b0018-100x100.png | https://www.kentscientific.com/wp-content/uploads/2025/09/Pulse-oximeter-sensor-1-600x600.png,https://www.kentscientific.com/products/mouse-paw-pulse-oximeter-sensors/
103,MANAGED_MULTI_REVIEW,Mouse Retractor Set,mouse-retractor-set,SURGI-5001,UNVERIFIED,6,6,https://cdn.sanity.io/images/9b5twpc8/production/2c198f07760dae3f0b5e3fe56955a583ea8e5310-700x700.png | https://cdn.sanity.io/images/9b5twpc8/production/978f52cc5c9417a62335ce0dac3926fa85ff6c55-700x700.png | https://cdn.sanity.io/images/9b5twpc8/production/d3417347ab6739203b9cc23fbc8e36227e798256-100x100.png | https://cdn.sanity.io/images/9b5twpc8/production/9cd993fe97dd0d016581e225ca17d44c847bb69e-100x100.png | https://cdn.sanity.io/images/9b5twpc8/production/7a3edd7fe509027a0a450cbfcc754c83ea31b81f-100x100.png | https://cdn.sanity.io/images/9b5twpc8/production/ed6c15e8e7f6fd2625259ec4a5ad6f4e82462415-100x100.png,https://cdn.sanity.io/images/9b5twpc8/production/2c198f07760dae3f0b5e3fe56955a583ea8e5310-700x700.png | https://cdn.sanity.io/images/9b5twpc8/production/978f52cc5c9417a62335ce0dac3926fa85ff6c55-700x700.png | https://cdn.sanity.io/images/9b5twpc8/production/d3417347ab6739203b9cc23fbc8e36227e798256-100x100.png | https://cdn.sanity.io/images/9b5twpc8/production/9cd993fe97dd0d016581e225ca17d44c847bb69e-100x100.png | https://cdn.sanity.io/images/9b5twpc8/production/7a3edd7fe509027a0a450cbfcc754c83ea31b81f-100x100.png | https://cdn.sanity.io/images/9b5twpc8/production/ed6c15e8e7f6fd2625259ec4a5ad6f4e82462415-100x100.png,https://www.kentscientific.com/products/mouse-retractor-set/
104,MANAGED_MULTI_REVIEW,Mouse Surgical Kit,mouse-surgical-kit,INSMOUSEKIT,UNVERIFIED,4,4,https://cdn.sanity.io/images/9b5twpc8/production/13251d08d87634286dc6e62747148f1a03ae2b99-700x700.png | https://cdn.sanity.io/images/9b5twpc8/production/ed6c15e8e7f6fd2625259ec4a5ad6f4e82462415-100x100.png | https://cdn.sanity.io/images/9b5twpc8/production/d3417347ab6739203b9cc23fbc8e36227e798256-100x100.png | https://cdn.sanity.io/images/9b5twpc8/production/e2355c19f4b7466db9a89ac537a7d42540889f8d-100x100.png,https://cdn.sanity.io/images/9b5twpc8/production/13251d08d87634286dc6e62747148f1a03ae2b99-700x700.png | https://cdn.sanity.io/images/9b5twpc8/production/ed6c15e8e7f6fd2625259ec4a5ad6f4e82462415-100x100.png | https://cdn.sanity.io/images/9b5twpc8/production/d3417347ab6739203b9cc23fbc8e36227e798256-100x100.png | https://cdn.sanity.io/images/9b5twpc8/production/e2355c19f4b7466db9a89ac537a7d42540889f8d-100x100.png,https://www.kentscientific.com/products/mouse-surgical-kit/
105,MANAGED_MULTI_REVIEW,MouseSTAT® Jr.,mousestat-jr,MSTAT-JR,UNVERIFIED,12,12,https://cdn.sanity.io/images/9b5twpc8/production/ca920233b3876d46c7175fc09afb3944b0443eac-700x700.png | https://cdn.sanity.io/images/9b5twpc8/production/beadcd73916600be016bfabe1dc80ac999af9dbf-700x700.png | https://cdn.sanity.io/images/9b5twpc8/production/f30243d95971f9a617ff91c2eb6725976a2239a7-700x700.png | https://cdn.sanity.io/images/9b5twpc8/production/09306ff05ec68bf534af3203972f2a0c6b8b61b2-700x700.png | https://cdn.sanity.io/images/9b5twpc8/production/6b7137e7b1a60d9a349588debcf2e37e153b0018-100x100.png | https://cdn.sanity.io/images/9b5twpc8/production/2f1236f0d8f2b185dde8d244137fa9d1235caa65-100x100.png | https://cdn.sanity.io/images/9b5twpc8/production/f15df4a5ba6d989a3af2651962d8f605464e86c6-100x100.png | https://cdn.sanity.io/images/9b5twpc8/production/51dd13fbd2c93e9b8d9328e49ce8cf420c581690-100x100.png | https://cdn.sanity.io/images/9b5twpc8/production/3b889af309cabeb849ebbc00882bed0ed6c09150-100x100.png | https://cdn.sanity.io/images/9b5twpc8/production/aad5d5c9006aaa917e8cf2d5e413d8ecdef5428e-100x100.png | https://cdn.sanity.io/images/9b5twpc8/production/38d1af37d4192bb2a861157a270e351a573a528b-47x48.svg | https://cdn.sanity.io/images/9b5twpc8/production/f8e3740e756054479c7ed4cd4fc176b2c76a5b63-112x54.png,https://cdn.sanity.io/images/9b5twpc8/production/ca920233b3876d46c7175fc09afb3944b0443eac-700x700.png | https://cdn.sanity.io/images/9b5twpc8/production/beadcd73916600be016bfabe1dc80ac999af9dbf-700x700.png | https://cdn.sanity.io/images/9b5twpc8/production/f30243d95971f9a617ff91c2eb6725976a2239a7-700x700.png | https://cdn.sanity.io/images/9b5twpc8/production/09306ff05ec68bf534af3203972f2a0c6b8b61b2-700x700.png | https://cdn.sanity.io/images/9b5twpc8/production/6b7137e7b1a60d9a349588debcf2e37e153b0018-100x100.png | https://cdn.sanity.io/images/9b5twpc8/production/2f1236f0d8f2b185dde8d244137fa9d1235caa65-100x100.png | https://cdn.sanity.io/images/9b5twpc8/production/f15df4a5ba6d989a3af2651962d8f605464e86c6-100x100.png | https://cdn.sanity.io/images/9b5twpc8/production/51dd13fbd2c93e9b8d9328e49ce8cf420c581690-100x100.png | https://cdn.sanity.io/images/9b5twpc8/production/3b889af309cabeb849ebbc00882bed0ed6c09150-100x100.png | https://cdn.sanity.io/images/9b5twpc8/production/aad5d5c9006aaa917e8cf2d5e413d8ecdef5428e-100x100.png | https://cdn.sanity.io/images/9b5twpc8/production/38d1af37d4192bb2a861157a270e351a573a528b-47x48.svg | https://cdn.sanity.io/images/9b5twpc8/production/f8e3740e756054479c7ed4cd4fc176b2c76a5b63-112x54.png,https://www.kentscientific.com/products/mousestat-jr/
106,MANAGED_MULTI_REVIEW,MouseSTAT® Pulse Oximeter Whole Body Sensor for Mouse Pups,mousestat-pulse-oximeter-whole-body-sensors-for-mouse-pups,SPO2-9MM,UNVERIFIED,4,4,https://cdn.sanity.io/images/9b5twpc8/production/fd8d9fe1bbab855b29452955464c98a58af479f8-700x700.png | https://cdn.sanity.io/images/9b5twpc8/production/b3bf7458badf4b1c8ca540b74426529695bd9ae9-100x100.png | https://cdn.sanity.io/images/9b5twpc8/production/aad5d5c9006aaa917e8cf2d5e413d8ecdef5428e-100x100.png | https://cdn.sanity.io/images/9b5twpc8/production/1709a46edb27a902ce637a6e1b49ff9effb19265-100x100.png,https://cdn.sanity.io/images/9b5twpc8/production/fd8d9fe1bbab855b29452955464c98a58af479f8-700x700.png | https://cdn.sanity.io/images/9b5twpc8/production/b3bf7458badf4b1c8ca540b74426529695bd9ae9-100x100.png | https://cdn.sanity.io/images/9b5twpc8/production/aad5d5c9006aaa917e8cf2d5e413d8ecdef5428e-100x100.png | https://cdn.sanity.io/images/9b5twpc8/production/1709a46edb27a902ce637a6e1b49ff9effb19265-100x100.png,https://www.kentscientific.com/products/mousestat-pulse-oximeter-whole-body-sensors-for-mouse-pups/
107,MANAGED_MULTI_REVIEW,MouseSTAT® Pulse Oximeter Whole Body Sensors for Rat Pups,mousestat-pulse-oximeter-whole-body-sensors-for-rat-pups,SPO2-5MM,UNVERIFIED,3,3,https://cdn.sanity.io/images/9b5twpc8/production/aad5d5c9006aaa917e8cf2d5e413d8ecdef5428e-100x100.png | https://cdn.sanity.io/images/9b5twpc8/production/6b7137e7b1a60d9a349588debcf2e37e153b0018-100x100.png | https://cdn.sanity.io/images/9b5twpc8/production/b3bf7458badf4b1c8ca540b74426529695bd9ae9-100x100.png,https://cdn.sanity.io/images/9b5twpc8/production/aad5d5c9006aaa917e8cf2d5e413d8ecdef5428e-100x100.png | https://cdn.sanity.io/images/9b5twpc8/production/6b7137e7b1a60d9a349588debcf2e37e153b0018-100x100.png | https://cdn.sanity.io/images/9b5twpc8/production/b3bf7458badf4b1c8ca540b74426529695bd9ae9-100x100.png,https://www.kentscientific.com/products/mousestat-pulse-oximeter-whole-body-sensors-for-rat-pups/
108,MANAGED_MULTI_REVIEW,Nebulizer Adapter Kit,nebulizer-adapter-kit,NEB-1301,UNVERIFIED,4,4,https://cdn.sanity.io/images/9b5twpc8/production/1337f8dee2a0b7c0370960d11308b1913c4b58e0-700x700.png | https://cdn.sanity.io/images/9b5twpc8/production/a7fffc07da216ac399afe3d84dd96599b24f9da0-100x100.png | https://cdn.sanity.io/images/9b5twpc8/production/f788c5cfc13a2c21c1ba5b6362bb05e789e2e395-100x100.png | https://cdn.sanity.io/images/9b5twpc8/production/2b989910b8706adbe07c25c50f6165cf1df3c01a-100x100.png,https://cdn.sanity.io/images/9b5twpc8/production/1337f8dee2a0b7c0370960d11308b1913c4b58e0-700x700.png | https://cdn.sanity.io/images/9b5twpc8/production/a7fffc07da216ac399afe3d84dd96599b24f9da0-100x100.png | https://cdn.sanity.io/images/9b5twpc8/production/f788c5cfc13a2c21c1ba5b6362bb05e789e2e395-100x100.png | https://cdn.sanity.io/images/9b5twpc8/production/2b989910b8706adbe07c25c50f6165cf1df3c01a-100x100.png,https://www.kentscientific.com/products/nebulizer-adapter-kit/
109,MANAGED_MULTI_REVIEW,Nebulizer Animal Holders,nebulizer-animal-holders,HLD-NEB-ML,UNVERIFIED,19,26,https://cdn.sanity.io/images/9b5twpc8/production/3ad7ed3ae99ec225296266eb65e1d9a508830d5f-700x700.png | https://cdn.sanity.io/images/9b5twpc8/production/be40ebeb7d75fd3a85654a32b749754ba3619324-700x700.png | https://cdn.sanity.io/images/9b5twpc8/production/64a5f22ceba6840a7d41ebe6730abcd9ede75e42-700x700.png | https://cdn.sanity.io/images/9b5twpc8/production/b377f1f4f640285a0b49af4da81dc5c3baf75d01-700x700.png | https://cdn.sanity.io/images/9b5twpc8/production/6f99c1278b2106cb9f95dc3ba3d8feefdaa935e2-700x700.png | https://cdn.sanity.io/images/9b5twpc8/production/d0b98a8f56dcd2633352f7eda837bb85f6e78f41-700x700.png | https://cdn.sanity.io/images/9b5twpc8/production/57d0a82b39b05e6eba8fbfc42ae0ed99c4290e76-700x700.png | https://cdn.sanity.io/images/9b5twpc8/production/02f2683655d99946e915dc8ea510a5dc342c5234-700x700.png | https://cdn.sanity.io/images/9b5twpc8/production/2b989910b8706adbe07c25c50f6165cf1df3c01a-100x100.png | https://cdn.sanity.io/images/9b5twpc8/production/a48e71de55042e67b90b62dd838944201582e295-100x100.png | https://cdn.sanity.io/images/9b5twpc8/production/af894504aa50ae58fc3c139b0f6fbad538957bd3-100x100.png | https://cdn.sanity.io/images/9b5twpc8/production/25d33a091c490d785e3ed1ec78f85050a18a3c84-100x100.png | https://cdn.sanity.io/images/9b5twpc8/production/1698cbf2e1ac65448e9f8813224de511a9e9e2b3-100x100.png | https://cdn.sanity.io/images/9b5twpc8/production/08172bcaac34838a2f7430e62d860b45b343fbd1-100x100.png | https://cdn.sanity.io/images/9b5twpc8/production/5e81fbc5d7f80a5f3b4c0b75490655f101389788-100x100.png | https://cdn.sanity.io/images/9b5twpc8/production/10a2c2e1404b7a96267568db1e982d75d41afb3d-100x100.png | https://cdn.sanity.io/images/9b5twpc8/production/a7fffc07da216ac399afe3d84dd96599b24f9da0-100x100.png | https://cdn.sanity.io/images/9b5twpc8/production/9600a7330837546d4af5794ce381c9184f82f754-100x100.png | https://cdn.sanity.io/images/9b5twpc8/production/d4f736a48de50081a5d3ad34e4951f8b3baf05ff-700x700.png,https://cdn.sanity.io/images/9b5twpc8/production/3ad7ed3ae99ec225296266eb65e1d9a508830d5f-700x700.png | https://cdn.sanity.io/images/9b5twpc8/production/be40ebeb7d75fd3a85654a32b749754ba3619324-700x700.png | https://cdn.sanity.io/images/9b5twpc8/production/64a5f22ceba6840a7d41ebe6730abcd9ede75e42-700x700.png | https://cdn.sanity.io/images/9b5twpc8/production/b377f1f4f640285a0b49af4da81dc5c3baf75d01-700x700.png | https://cdn.sanity.io/images/9b5twpc8/production/6f99c1278b2106cb9f95dc3ba3d8feefdaa935e2-700x700.png | https://cdn.sanity.io/images/9b5twpc8/production/d0b98a8f56dcd2633352f7eda837bb85f6e78f41-700x700.png | https://cdn.sanity.io/images/9b5twpc8/production/57d0a82b39b05e6eba8fbfc42ae0ed99c4290e76-700x700.png | https://cdn.sanity.io/images/9b5twpc8/production/02f2683655d99946e915dc8ea510a5dc342c5234-700x700.png | https://cdn.sanity.io/images/9b5twpc8/production/2b989910b8706adbe07c25c50f6165cf1df3c01a-100x100.png | https://cdn.sanity.io/images/9b5twpc8/production/a48e71de55042e67b90b62dd838944201582e295-100x100.png | https://cdn.sanity.io/images/9b5twpc8/production/af894504aa50ae58fc3c139b0f6fbad538957bd3-100x100.png | https://cdn.sanity.io/images/9b5twpc8/production/25d33a091c490d785e3ed1ec78f85050a18a3c84-100x100.png | https://cdn.sanity.io/images/9b5twpc8/production/1698cbf2e1ac65448e9f8813224de511a9e9e2b3-100x100.png | https://cdn.sanity.io/images/9b5twpc8/production/08172bcaac34838a2f7430e62d860b45b343fbd1-100x100.png | https://cdn.sanity.io/images/9b5twpc8/production/5e81fbc5d7f80a5f3b4c0b75490655f101389788-100x100.png | https://cdn.sanity.io/images/9b5twpc8/production/10a2c2e1404b7a96267568db1e982d75d41afb3d-100x100.png | https://cdn.sanity.io/images/9b5twpc8/production/a7fffc07da216ac399afe3d84dd96599b24f9da0-100x100.png | https://cdn.sanity.io/images/9b5twpc8/production/9600a7330837546d4af5794ce381c9184f82f754-100x100.png | https://cdn.sanity.io/images/9b5twpc8/production/d4f736a48de50081a5d3ad34e4951f8b3baf05ff-700x700.png | https://www.kentscientific.com/wp-content/uploads/2025/09/holder-mouse-small-1-600x600.png | https://www.kentscientific.com/wp-content/uploads/2025/09/holder-mouse-medium-1-600x600.png | https://www.kentscientific.com/wp-content/uploads/2025/09/holder-mouse-large-1-600x600.png | https://www.kentscientific.com/wp-content/uploads/2025/09/holder-rat-small-1-600x600.png | https://www.kentscientific.com/wp-content/uploads/2025/09/holder-rat-medium-1-600x600.png | https://www.kentscientific.com/wp-content/uploads/2025/09/holder-rat-large-1-600x600.png | https://www.kentscientific.com/wp-content/uploads/2025/09/holder-rat-xlarge-1-600x600.png,https://www.kentscientific.com/products/nebulizer-animal-holders/
110,MANAGED_MULTI_REVIEW,Non-Contact Infrared Thermometer with Laser Sight,non-contact-infrared-thermometer-with-laser-sight,CODA-IRT,UNVERIFIED,4,4,https://cdn.sanity.io/images/9b5twpc8/production/198171be19da13b0616bbb96a81b1a800fb8136e-700x700.png | https://cdn.sanity.io/images/9b5twpc8/production/1709a46edb27a902ce637a6e1b49ff9effb19265-100x100.png | https://cdn.sanity.io/images/9b5twpc8/production/b3bf7458badf4b1c8ca540b74426529695bd9ae9-100x100.png | https://cdn.sanity.io/images/9b5twpc8/production/b0afc4cc437154b215c1a805453ac7bc58f6efed-100x100.png,https://cdn.sanity.io/images/9b5twpc8/production/198171be19da13b0616bbb96a81b1a800fb8136e-700x700.png | https://cdn.sanity.io/images/9b5twpc8/production/1709a46edb27a902ce637a6e1b49ff9effb19265-100x100.png | https://cdn.sanity.io/images/9b5twpc8/production/b3bf7458badf4b1c8ca540b74426529695bd9ae9-100x100.png | https://cdn.sanity.io/images/9b5twpc8/production/b0afc4cc437154b215c1a805453ac7bc58f6efed-100x100.png,https://www.kentscientific.com/products/non-contact-infrared-thermometer-with-laser-sight/
111,MANAGED_MULTI_REVIEW,Oxygen Concentrator,oxygen-concentrator,VETFLO-001,UNVERIFIED,8,9,https://cdn.sanity.io/images/9b5twpc8/production/337ecabf155a9dceb06a9f910ac1eadc8708ac9f-700x700.png | https://cdn.sanity.io/images/9b5twpc8/production/964ab6e9a657b425ae86e80b2f8bc544341fad36-700x700.png | https://cdn.sanity.io/images/9b5twpc8/production/bdc86466460bec462a72e7cd272c116053d29efd-700x700.png | https://cdn.sanity.io/images/9b5twpc8/production/205964281cad45bc140c66a2d47cc318b1989322-100x100.png | https://cdn.sanity.io/images/9b5twpc8/production/e56d3670a5f34cc85f777977fb0366a40edb1fa5-100x100.png | https://cdn.sanity.io/images/9b5twpc8/production/68f8dd1161b512979a70106e8337f5af517c0f46-100x100.png | https://cdn.sanity.io/images/9b5twpc8/production/2dfa8d6505ac918e826ee381430bde1552552734-100x100.png | https://cdn.sanity.io/images/9b5twpc8/production/3fa5a4447cf9d4ae48ba5741b958f8422ff8bdcb-100x100.png,https://cdn.sanity.io/images/9b5twpc8/production/337ecabf155a9dceb06a9f910ac1eadc8708ac9f-700x700.png | https://cdn.sanity.io/images/9b5twpc8/production/964ab6e9a657b425ae86e80b2f8bc544341fad36-700x700.png | https://cdn.sanity.io/images/9b5twpc8/production/bdc86466460bec462a72e7cd272c116053d29efd-700x700.png | https://cdn.sanity.io/images/9b5twpc8/production/205964281cad45bc140c66a2d47cc318b1989322-100x100.png | https://cdn.sanity.io/images/9b5twpc8/production/e56d3670a5f34cc85f777977fb0366a40edb1fa5-100x100.png | https://cdn.sanity.io/images/9b5twpc8/production/68f8dd1161b512979a70106e8337f5af517c0f46-100x100.png | https://cdn.sanity.io/images/9b5twpc8/production/2dfa8d6505ac918e826ee381430bde1552552734-100x100.png | https://cdn.sanity.io/images/9b5twpc8/production/3fa5a4447cf9d4ae48ba5741b958f8422ff8bdcb-100x100.png | https://www.kentscientific.com/wp-content/uploads/2025/09/Oxygen-Concentrator-600x600.png,https://www.kentscientific.com/products/oxygen-concentrator/
112,MANAGED_MULTI_REVIEW,Oxygen Concentrator Filters,oxygen-concentrator-filters,N/A,UNVERIFIED,6,8,https://cdn.sanity.io/images/9b5twpc8/production/b11287af304207dabb69298b5f33865d3a00a586-700x700.png | https://cdn.sanity.io/images/9b5twpc8/production/74b912318881adf7383e0cabffd31c47a8e7973b-700x700.png | https://cdn.sanity.io/images/9b5twpc8/production/f97b0ddb92b3f0ba4fd96e770010b63555379949-100x100.png | https://cdn.sanity.io/images/9b5twpc8/production/215b95dacd0075abfea6bf765fc6ade4ad1f4072-100x100.png | https://cdn.sanity.io/images/9b5twpc8/production/e3e043a259248153db8deb4845f94373aaa228b4-100x100.png | https://cdn.sanity.io/images/9b5twpc8/production/f94d4b1741243347cc05e1e5f0b88ae76ab37011-100x100.png,https://cdn.sanity.io/images/9b5twpc8/production/b11287af304207dabb69298b5f33865d3a00a586-700x700.png | https://cdn.sanity.io/images/9b5twpc8/production/74b912318881adf7383e0cabffd31c47a8e7973b-700x700.png | https://cdn.sanity.io/images/9b5twpc8/production/f97b0ddb92b3f0ba4fd96e770010b63555379949-100x100.png | https://cdn.sanity.io/images/9b5twpc8/production/215b95dacd0075abfea6bf765fc6ade4ad1f4072-100x100.png | https://cdn.sanity.io/images/9b5twpc8/production/e3e043a259248153db8deb4845f94373aaa228b4-100x100.png | https://cdn.sanity.io/images/9b5twpc8/production/f94d4b1741243347cc05e1e5f0b88ae76ab37011-100x100.png | https://www.kentscientific.com/wp-content/uploads/2025/09/VetFlo-003-3-600x600.png | https://www.kentscientific.com/wp-content/uploads/2025/09/VetFlo-004_v1-4-600x600.png,https://www.kentscientific.com/products/oxygen-concentrator-filters/
113,MANAGED_MULTI_REVIEW,PhysioSuite®,physiosuite,PS-02,UNVERIFIED,7,7,https://cdn.sanity.io/images/9b5twpc8/production/01880a4e49d86411cbbb77d059ea89ae86d86376-700x700.png | https://cdn.sanity.io/images/9b5twpc8/production/9779765080e1d8811fb7e021237fb5149894e163-100x100.png | https://cdn.sanity.io/images/9b5twpc8/production/43eef70cd96e9bfc895d061d61dac7bfe08c7974-100x100.png | https://cdn.sanity.io/images/9b5twpc8/production/10b7061daa977cde23e794d357f4448edd2b8577-64x65.svg | https://cdn.sanity.io/images/9b5twpc8/production/16c26698aeb28fb2b50cfeae9e3d877a2b37af1a-64x65.svg | https://cdn.sanity.io/images/9b5twpc8/production/38d1af37d4192bb2a861157a270e351a573a528b-47x48.svg | https://cdn.sanity.io/images/9b5twpc8/production/f8e3740e756054479c7ed4cd4fc176b2c76a5b63-112x54.png,https://cdn.sanity.io/images/9b5twpc8/production/01880a4e49d86411cbbb77d059ea89ae86d86376-700x700.png | https://cdn.sanity.io/images/9b5twpc8/production/9779765080e1d8811fb7e021237fb5149894e163-100x100.png | https://cdn.sanity.io/images/9b5twpc8/production/43eef70cd96e9bfc895d061d61dac7bfe08c7974-100x100.png | https://cdn.sanity.io/images/9b5twpc8/production/10b7061daa977cde23e794d357f4448edd2b8577-64x65.svg | https://cdn.sanity.io/images/9b5twpc8/production/16c26698aeb28fb2b50cfeae9e3d877a2b37af1a-64x65.svg | https://cdn.sanity.io/images/9b5twpc8/production/38d1af37d4192bb2a861157a270e351a573a528b-47x48.svg | https://cdn.sanity.io/images/9b5twpc8/production/f8e3740e756054479c7ed4cd4fc176b2c76a5b63-112x54.png,https://www.kentscientific.com/products/physiosuite/
114,MANAGED_MULTI_REVIEW,Pistol Grip Implanter,pistol-grip-implanter,IM-300C,UNVERIFIED,6,6,https://cdn.sanity.io/images/9b5twpc8/production/519240433ecda45b5baa524075e451ed744af6b5-700x700.png | https://cdn.sanity.io/images/9b5twpc8/production/f2568f4df5b0e8c545b9ddb6fc43415301e36925-700x700.png | https://cdn.sanity.io/images/9b5twpc8/production/6f3b494068e66ff03aaebf769cac1d934f989025-100x100.png | https://cdn.sanity.io/images/9b5twpc8/production/a0d43f8cedc1ca8b59fdf966c93fce4109c10cff-100x100.png | https://cdn.sanity.io/images/9b5twpc8/production/e6047b353f3e512512665adb7fc0358ed4767cca-100x100.png | https://cdn.sanity.io/images/9b5twpc8/production/03d3b54bb52175c1ae6318b1e2fc1edf871692f9-100x100.png,https://cdn.sanity.io/images/9b5twpc8/production/519240433ecda45b5baa524075e451ed744af6b5-700x700.png | https://cdn.sanity.io/images/9b5twpc8/production/f2568f4df5b0e8c545b9ddb6fc43415301e36925-700x700.png | https://cdn.sanity.io/images/9b5twpc8/production/6f3b494068e66ff03aaebf769cac1d934f989025-100x100.png | https://cdn.sanity.io/images/9b5twpc8/production/a0d43f8cedc1ca8b59fdf966c93fce4109c10cff-100x100.png | https://cdn.sanity.io/images/9b5twpc8/production/e6047b353f3e512512665adb7fc0358ed4767cca-100x100.png | https://cdn.sanity.io/images/9b5twpc8/production/03d3b54bb52175c1ae6318b1e2fc1edf871692f9-100x100.png,https://www.kentscientific.com/products/pistol-grip-implanter/
115,MANAGED_MULTI_REVIEW,Pocket Reader with USB Connection,pocket-reader-with-usb-connection,LID-573,UNVERIFIED,4,4,https://cdn.sanity.io/images/9b5twpc8/production/5faa8eaf105b4f63e0fda8da79d6dc1b3453e7da-700x700.png | https://cdn.sanity.io/images/9b5twpc8/production/03d3b54bb52175c1ae6318b1e2fc1edf871692f9-100x100.png | https://cdn.sanity.io/images/9b5twpc8/production/6f3b494068e66ff03aaebf769cac1d934f989025-100x100.png | https://cdn.sanity.io/images/9b5twpc8/production/a85a77cb7bda6fb93608d69e338a3e1b113f8295-100x100.png,https://cdn.sanity.io/images/9b5twpc8/production/5faa8eaf105b4f63e0fda8da79d6dc1b3453e7da-700x700.png | https://cdn.sanity.io/images/9b5twpc8/production/03d3b54bb52175c1ae6318b1e2fc1edf871692f9-100x100.png | https://cdn.sanity.io/images/9b5twpc8/production/6f3b494068e66ff03aaebf769cac1d934f989025-100x100.png | https://cdn.sanity.io/images/9b5twpc8/production/a85a77cb7bda6fb93608d69e338a3e1b113f8295-100x100.png,https://www.kentscientific.com/products/pocket-reader-with-usb-connection/
116,MANAGED_MULTI_REVIEW,Preset Pressure Reducer,preset-pressure-reducer-for-somnosuite,SOMNO-7305,UNVERIFIED,5,5,https://cdn.sanity.io/images/9b5twpc8/production/b298131a8ac224f95af6dd839214acef437f4574-700x700.png | https://cdn.sanity.io/images/9b5twpc8/production/a5ac6c447646f5faa46407133f2db42fbe94e0fe-700x700.png | https://cdn.sanity.io/images/9b5twpc8/production/d3499aec40482c5bbcdbf2ff739f26518ed43ed4-100x100.png | https://cdn.sanity.io/images/9b5twpc8/production/145c16878bf80d8b74eae23e8fbba31762456aa7-100x100.png | https://cdn.sanity.io/images/9b5twpc8/production/1ac6e2160022c584a5f3792fac8aee6143a80c1a-100x100.png,https://cdn.sanity.io/images/9b5twpc8/production/b298131a8ac224f95af6dd839214acef437f4574-700x700.png | https://cdn.sanity.io/images/9b5twpc8/production/a5ac6c447646f5faa46407133f2db42fbe94e0fe-700x700.png | https://cdn.sanity.io/images/9b5twpc8/production/d3499aec40482c5bbcdbf2ff739f26518ed43ed4-100x100.png | https://cdn.sanity.io/images/9b5twpc8/production/145c16878bf80d8b74eae23e8fbba31762456aa7-100x100.png | https://cdn.sanity.io/images/9b5twpc8/production/1ac6e2160022c584a5f3792fac8aee6143a80c1a-100x100.png,https://www.kentscientific.com/products/preset-pressure-reducer-for-somnosuite/
117,MANAGED_MULTI_REVIEW,Procedure Bowl,procedure-bowl,SURGI-5020-3,UNVERIFIED,6,6,https://cdn.sanity.io/images/9b5twpc8/production/cea011aa50062f0108a629f589199454b27e1dec-700x700.png | https://cdn.sanity.io/images/9b5twpc8/production/046373ccea7694f8b1ec93ff087860935a42a042-700x700.png | https://cdn.sanity.io/images/9b5twpc8/production/e2355c19f4b7466db9a89ac537a7d42540889f8d-100x100.png | https://cdn.sanity.io/images/9b5twpc8/production/a87fc651db7c881e482a73089b58e38e15deda3b-100x100.png | https://cdn.sanity.io/images/9b5twpc8/production/ed6c15e8e7f6fd2625259ec4a5ad6f4e82462415-100x100.png | https://cdn.sanity.io/images/9b5twpc8/production/d41e135ad400eafcd7684150902d417126395e01-100x100.png,https://cdn.sanity.io/images/9b5twpc8/production/cea011aa50062f0108a629f589199454b27e1dec-700x700.png | https://cdn.sanity.io/images/9b5twpc8/production/046373ccea7694f8b1ec93ff087860935a42a042-700x700.png | https://cdn.sanity.io/images/9b5twpc8/production/e2355c19f4b7466db9a89ac537a7d42540889f8d-100x100.png | https://cdn.sanity.io/images/9b5twpc8/production/a87fc651db7c881e482a73089b58e38e15deda3b-100x100.png | https://cdn.sanity.io/images/9b5twpc8/production/ed6c15e8e7f6fd2625259ec4a5ad6f4e82462415-100x100.png | https://cdn.sanity.io/images/9b5twpc8/production/d41e135ad400eafcd7684150902d417126395e01-100x100.png,https://www.kentscientific.com/products/procedure-bowl/
118,MANAGED_MULTI_REVIEW,Pulse Oximeter Paw Sensors MRI Compatible,pulse-oximeter-paw-sensors-mri-compatible,SPO2-5MM-MRI,UNVERIFIED,6,7,https://cdn.sanity.io/images/9b5twpc8/production/88b4086c950b9be2c150e7c7eaa6649e82f7a30c-700x700.png | https://cdn.sanity.io/images/9b5twpc8/production/27f39318de11faaf065e87875f37e4bcbcd78549-700x700.png | https://cdn.sanity.io/images/9b5twpc8/production/b0afc4cc437154b215c1a805453ac7bc58f6efed-100x100.png | https://cdn.sanity.io/images/9b5twpc8/production/aad5d5c9006aaa917e8cf2d5e413d8ecdef5428e-100x100.png | https://cdn.sanity.io/images/9b5twpc8/production/1709a46edb27a902ce637a6e1b49ff9effb19265-100x100.png | https://cdn.sanity.io/images/9b5twpc8/production/e10925734e3f55caa139747d76bc1edeed71c52d-100x100.png,https://cdn.sanity.io/images/9b5twpc8/production/88b4086c950b9be2c150e7c7eaa6649e82f7a30c-700x700.png | https://cdn.sanity.io/images/9b5twpc8/production/27f39318de11faaf065e87875f37e4bcbcd78549-700x700.png | https://cdn.sanity.io/images/9b5twpc8/production/b0afc4cc437154b215c1a805453ac7bc58f6efed-100x100.png | https://cdn.sanity.io/images/9b5twpc8/production/aad5d5c9006aaa917e8cf2d5e413d8ecdef5428e-100x100.png | https://cdn.sanity.io/images/9b5twpc8/production/1709a46edb27a902ce637a6e1b49ff9effb19265-100x100.png | https://cdn.sanity.io/images/9b5twpc8/production/e10925734e3f55caa139747d76bc1edeed71c52d-100x100.png | https://www.kentscientific.com/wp-content/uploads/2025/09/2_sensors_for_web-600x600.png,https://www.kentscientific.com/products/pulse-oximeter-paw-sensors-mri-compatible/
119,MANAGED_MULTI_REVIEW,Pulse Oximeter Sensor Extension Cable,pulse-oximeter-sensor-extension-cable,CBL-03-EXT-12,UNVERIFIED,4,5,https://cdn.sanity.io/images/9b5twpc8/production/25a8d55fb6ef1392f1853b5990a04dc4cd5fc9d6-700x700.png | https://cdn.sanity.io/images/9b5twpc8/production/e10925734e3f55caa139747d76bc1edeed71c52d-100x100.png | https://cdn.sanity.io/images/9b5twpc8/production/b0afc4cc437154b215c1a805453ac7bc58f6efed-100x100.png | https://cdn.sanity.io/images/9b5twpc8/production/b3bf7458badf4b1c8ca540b74426529695bd9ae9-100x100.png,https://cdn.sanity.io/images/9b5twpc8/production/25a8d55fb6ef1392f1853b5990a04dc4cd5fc9d6-700x700.png | https://cdn.sanity.io/images/9b5twpc8/production/e10925734e3f55caa139747d76bc1edeed71c52d-100x100.png | https://cdn.sanity.io/images/9b5twpc8/production/b0afc4cc437154b215c1a805453ac7bc58f6efed-100x100.png | https://cdn.sanity.io/images/9b5twpc8/production/b3bf7458badf4b1c8ca540b74426529695bd9ae9-100x100.png | https://www.kentscientific.com/wp-content/uploads/2025/09/CBL-03-EXT-600x600.png,https://www.kentscientific.com/products/pulse-oximeter-sensor-extension-cable/
120,MANAGED_MULTI_REVIEW,Rat Retractor Set,rat-retractor-set,SURGI-5002,UNVERIFIED,6,6,https://cdn.sanity.io/images/9b5twpc8/production/2d078ca35d95ca9007637fd1a120514576c43b09-700x700.png | https://cdn.sanity.io/images/9b5twpc8/production/978f52cc5c9417a62335ce0dac3926fa85ff6c55-700x700.png | https://cdn.sanity.io/images/9b5twpc8/production/d41e135ad400eafcd7684150902d417126395e01-100x100.png | https://cdn.sanity.io/images/9b5twpc8/production/9cd993fe97dd0d016581e225ca17d44c847bb69e-100x100.png | https://cdn.sanity.io/images/9b5twpc8/production/e2355c19f4b7466db9a89ac537a7d42540889f8d-100x100.png | https://cdn.sanity.io/images/9b5twpc8/production/554cad61aa85b6e61d8946cb5b423916b7722821-100x100.png,https://cdn.sanity.io/images/9b5twpc8/production/2d078ca35d95ca9007637fd1a120514576c43b09-700x700.png | https://cdn.sanity.io/images/9b5twpc8/production/978f52cc5c9417a62335ce0dac3926fa85ff6c55-700x700.png | https://cdn.sanity.io/images/9b5twpc8/production/d41e135ad400eafcd7684150902d417126395e01-100x100.png | https://cdn.sanity.io/images/9b5twpc8/production/9cd993fe97dd0d016581e225ca17d44c847bb69e-100x100.png | https://cdn.sanity.io/images/9b5twpc8/production/e2355c19f4b7466db9a89ac537a7d42540889f8d-100x100.png | https://cdn.sanity.io/images/9b5twpc8/production/554cad61aa85b6e61d8946cb5b423916b7722821-100x100.png,https://www.kentscientific.com/products/rat-retractor-set/
121,MANAGED_MULTI_REVIEW,Rat Surgical Kit,rat-surgical-kit,INSRATKIT,UNVERIFIED,4,4,https://cdn.sanity.io/images/9b5twpc8/production/8b587b02fc5ff35e6165cec09f2a2b29afb28c9f-700x700.png | https://cdn.sanity.io/images/9b5twpc8/production/554cad61aa85b6e61d8946cb5b423916b7722821-100x100.png | https://cdn.sanity.io/images/9b5twpc8/production/d41e135ad400eafcd7684150902d417126395e01-100x100.png | https://cdn.sanity.io/images/9b5twpc8/production/71a47ff3b1d130f0f288667fc9a8538a6133e31e-100x100.png,https://cdn.sanity.io/images/9b5twpc8/production/8b587b02fc5ff35e6165cec09f2a2b29afb28c9f-700x700.png | https://cdn.sanity.io/images/9b5twpc8/production/554cad61aa85b6e61d8946cb5b423916b7722821-100x100.png | https://cdn.sanity.io/images/9b5twpc8/production/d41e135ad400eafcd7684150902d417126395e01-100x100.png | https://cdn.sanity.io/images/9b5twpc8/production/71a47ff3b1d130f0f288667fc9a8538a6133e31e-100x100.png,https://www.kentscientific.com/products/rat-surgical-kit/
122,MANAGED_MULTI_REVIEW,Rectal Probe for Mice,rectal-probe-for-mice,RET-3,UNVERIFIED,4,4,https://cdn.sanity.io/images/9b5twpc8/production/a3dfb101883881a484ece342ab6fbdf7c4ebf471-700x700.png | https://cdn.sanity.io/images/9b5twpc8/production/4ba163424df7ae8626a167b62f0d5bc623ebd9a2-100x100.png | https://cdn.sanity.io/images/9b5twpc8/production/9a41c20556ccf4c7d7d05dd9dd2de21ec1439239-100x100.png | https://cdn.sanity.io/images/9b5twpc8/production/b4c45ce0d6d185990903782e50c6d989cd194c46-100x100.png,https://cdn.sanity.io/images/9b5twpc8/production/a3dfb101883881a484ece342ab6fbdf7c4ebf471-700x700.png | https://cdn.sanity.io/images/9b5twpc8/production/4ba163424df7ae8626a167b62f0d5bc623ebd9a2-100x100.png | https://cdn.sanity.io/images/9b5twpc8/production/9a41c20556ccf4c7d7d05dd9dd2de21ec1439239-100x100.png | https://cdn.sanity.io/images/9b5twpc8/production/b4c45ce0d6d185990903782e50c6d989cd194c46-100x100.png,https://www.kentscientific.com/products/rectal-probe-for-mice/
123,MANAGED_MULTI_REVIEW,Rectal Probe for Rats,rectal-probe-for-rats,RET-2,UNVERIFIED,4,4,https://cdn.sanity.io/images/9b5twpc8/production/a782f2f74dfa910430f19f3a3d14e1bcdb910e41-700x700.png | https://cdn.sanity.io/images/9b5twpc8/production/b4c45ce0d6d185990903782e50c6d989cd194c46-100x100.png | https://cdn.sanity.io/images/9b5twpc8/production/4ba163424df7ae8626a167b62f0d5bc623ebd9a2-100x100.png | https://cdn.sanity.io/images/9b5twpc8/production/a255c2e064d7c60110c3ca6d3f26f2a21be2a684-100x100.png,https://cdn.sanity.io/images/9b5twpc8/production/a782f2f74dfa910430f19f3a3d14e1bcdb910e41-700x700.png | https://cdn.sanity.io/images/9b5twpc8/production/b4c45ce0d6d185990903782e50c6d989cd194c46-100x100.png | https://cdn.sanity.io/images/9b5twpc8/production/4ba163424df7ae8626a167b62f0d5bc623ebd9a2-100x100.png | https://cdn.sanity.io/images/9b5twpc8/production/a255c2e064d7c60110c3ca6d3f26f2a21be2a684-100x100.png,https://www.kentscientific.com/products/rectal-probe-for-rats/
124,MANAGED_MULTI_REVIEW,Reflex Clip Applier,reflex-clip-applier,INS750343,UNVERIFIED,4,5,https://cdn.sanity.io/images/9b5twpc8/production/835f1902ad2cd111536fd255f05385b6e1cdd8cb-700x700.png | https://cdn.sanity.io/images/9b5twpc8/production/71a47ff3b1d130f0f288667fc9a8538a6133e31e-100x100.png | https://cdn.sanity.io/images/9b5twpc8/production/554cad61aa85b6e61d8946cb5b423916b7722821-100x100.png | https://cdn.sanity.io/images/9b5twpc8/production/13bc7cc734424c297370fb1bb536b88d377363b5-100x100.png,https://cdn.sanity.io/images/9b5twpc8/production/835f1902ad2cd111536fd255f05385b6e1cdd8cb-700x700.png | https://cdn.sanity.io/images/9b5twpc8/production/71a47ff3b1d130f0f288667fc9a8538a6133e31e-100x100.png | https://cdn.sanity.io/images/9b5twpc8/production/554cad61aa85b6e61d8946cb5b423916b7722821-100x100.png | https://cdn.sanity.io/images/9b5twpc8/production/13bc7cc734424c297370fb1bb536b88d377363b5-100x100.png | https://www.kentscientific.com/wp-content/uploads/2025/09/Reflex-Clip-Applier-600x600.png,https://www.kentscientific.com/products/reflex-clip-applier/
125,MANAGED_MULTI_REVIEW,Reflex Clips 7 mm,reflex-clips-7-mm,INS750344,UNVERIFIED,4,5,https://cdn.sanity.io/images/9b5twpc8/production/183b1a9989bf80b419c2d4a1338142ec86299851-700x700.png | https://cdn.sanity.io/images/9b5twpc8/production/13bc7cc734424c297370fb1bb536b88d377363b5-100x100.png | https://cdn.sanity.io/images/9b5twpc8/production/71a47ff3b1d130f0f288667fc9a8538a6133e31e-100x100.png | https://cdn.sanity.io/images/9b5twpc8/production/fddc119f16c665744e417686389b4dadb08fb33b-100x100.png,https://cdn.sanity.io/images/9b5twpc8/production/183b1a9989bf80b419c2d4a1338142ec86299851-700x700.png | https://cdn.sanity.io/images/9b5twpc8/production/13bc7cc734424c297370fb1bb536b88d377363b5-100x100.png | https://cdn.sanity.io/images/9b5twpc8/production/71a47ff3b1d130f0f288667fc9a8538a6133e31e-100x100.png | https://cdn.sanity.io/images/9b5twpc8/production/fddc119f16c665744e417686389b4dadb08fb33b-100x100.png | https://www.kentscientific.com/wp-content/uploads/2025/09/7mm_refl-600x600.png,https://www.kentscientific.com/products/reflex-clips-7-mm/
126,MANAGED_MULTI_REVIEW,Reflex Clips 9 mm,reflex-clips-9-mm,INS750346,UNVERIFIED,4,5,https://cdn.sanity.io/images/9b5twpc8/production/24e398e82dfdb76f8aade3025d9096d36cbb0975-700x700.png | https://cdn.sanity.io/images/9b5twpc8/production/fddc119f16c665744e417686389b4dadb08fb33b-100x100.png | https://cdn.sanity.io/images/9b5twpc8/production/13bc7cc734424c297370fb1bb536b88d377363b5-100x100.png | https://cdn.sanity.io/images/9b5twpc8/production/3277ba967c3d8fea0463e7dd6af91925c4a12024-100x100.png,https://cdn.sanity.io/images/9b5twpc8/production/24e398e82dfdb76f8aade3025d9096d36cbb0975-700x700.png | https://cdn.sanity.io/images/9b5twpc8/production/fddc119f16c665744e417686389b4dadb08fb33b-100x100.png | https://cdn.sanity.io/images/9b5twpc8/production/13bc7cc734424c297370fb1bb536b88d377363b5-100x100.png | https://cdn.sanity.io/images/9b5twpc8/production/3277ba967c3d8fea0463e7dd6af91925c4a12024-100x100.png | https://www.kentscientific.com/wp-content/uploads/2025/09/Reflex-Clips-600x600.png,https://www.kentscientific.com/products/reflex-clips-9-mm/
127,MANAGED_MULTI_REVIEW,Removing Forceps,removing-forceps,INS750347,UNVERIFIED,4,4,https://cdn.sanity.io/images/9b5twpc8/production/8023c4384ad6490c42582fc1dd24fce2e7ad433b-700x700.png | https://cdn.sanity.io/images/9b5twpc8/production/3277ba967c3d8fea0463e7dd6af91925c4a12024-100x100.png | https://cdn.sanity.io/images/9b5twpc8/production/fddc119f16c665744e417686389b4dadb08fb33b-100x100.png | https://cdn.sanity.io/images/9b5twpc8/production/04b704044cd6e8efcda137ae7ab72684d84d3c33-100x100.png,https://cdn.sanity.io/images/9b5twpc8/production/8023c4384ad6490c42582fc1dd24fce2e7ad433b-700x700.png | https://cdn.sanity.io/images/9b5twpc8/production/3277ba967c3d8fea0463e7dd6af91925c4a12024-100x100.png | https://cdn.sanity.io/images/9b5twpc8/production/fddc119f16c665744e417686389b4dadb08fb33b-100x100.png | https://cdn.sanity.io/images/9b5twpc8/production/04b704044cd6e8efcda137ae7ab72684d84d3c33-100x100.png,https://www.kentscientific.com/products/removing-forceps/
128,MANAGED_MULTI_REVIEW,Replacement Bladder Kits,replacement-bladder-kits,OCC-L-BLAD,UNVERIFIED,4,13,https://cdn.sanity.io/images/9b5twpc8/production/8690547a3f5b6eaf3de9c2b242d9ccf2a1930c38-700x700.png | https://cdn.sanity.io/images/9b5twpc8/production/ea6e00c62600a0475c5f6339d0e772b599393638-100x100.png | https://cdn.sanity.io/images/9b5twpc8/production/9600a7330837546d4af5794ce381c9184f82f754-100x100.png | https://cdn.sanity.io/images/9b5twpc8/production/c1a7f700b0f5522fe48fcf18fc90f7d3a5d85276-100x100.png,https://cdn.sanity.io/images/9b5twpc8/production/8690547a3f5b6eaf3de9c2b242d9ccf2a1930c38-700x700.png | https://cdn.sanity.io/images/9b5twpc8/production/ea6e00c62600a0475c5f6339d0e772b599393638-100x100.png | https://cdn.sanity.io/images/9b5twpc8/production/9600a7330837546d4af5794ce381c9184f82f754-100x100.png | https://cdn.sanity.io/images/9b5twpc8/production/c1a7f700b0f5522fe48fcf18fc90f7d3a5d85276-100x100.png | https://www.kentscientific.com/wp-content/uploads/2025/09/VPR-S-BLAD-600x600.png | https://www.kentscientific.com/wp-content/uploads/2025/09/VPR-M-BLAD-2-600x600.png | https://www.kentscientific.com/wp-content/uploads/2025/09/VPR-L-BLAD-2-600x600.png | https://www.kentscientific.com/wp-content/uploads/2025/09/VPR-XL-BLAD-2-600x600.png | https://www.kentscientific.com/wp-content/uploads/2025/09/OCC-XS-BLAD-2-600x600.png | https://www.kentscientific.com/wp-content/uploads/2025/09/OCC-S-BLAD-2-600x600.png | https://www.kentscientific.com/wp-content/uploads/2025/09/OCC-M-BLAD-600x600.png | https://www.kentscientific.com/wp-content/uploads/2025/09/OCC-L-BLAD-2-600x600.png | https://www.kentscientific.com/wp-content/uploads/2025/09/OCC-XL-BLAD-2-600x600.png,https://www.kentscientific.com/products/replacement-bladder-kits/
129,MANAGED_MULTI_REVIEW,Replacement Diaphragms for SomnoSuite Anesthesia Masks,replacement-diaphragms-for-somnosuite-anesthesia-masks,SOMNO-0309,UNVERIFIED,4,4,https://cdn.sanity.io/images/9b5twpc8/production/008d3c2babd227e5101f79f06f7191d1a8b120d7-700x700.png | https://cdn.sanity.io/images/9b5twpc8/production/1cd64afaa4e8011b1e2597cf84e2b0a278568bc8-100x100.png | https://cdn.sanity.io/images/9b5twpc8/production/3fa5a4447cf9d4ae48ba5741b958f8422ff8bdcb-100x100.png | https://cdn.sanity.io/images/9b5twpc8/production/115dacefcb256768e8bb28c9ed38e5f35e90d903-100x100.png,https://cdn.sanity.io/images/9b5twpc8/production/008d3c2babd227e5101f79f06f7191d1a8b120d7-700x700.png | https://cdn.sanity.io/images/9b5twpc8/production/1cd64afaa4e8011b1e2597cf84e2b0a278568bc8-100x100.png | https://cdn.sanity.io/images/9b5twpc8/production/3fa5a4447cf9d4ae48ba5741b958f8422ff8bdcb-100x100.png | https://cdn.sanity.io/images/9b5twpc8/production/115dacefcb256768e8bb28c9ed38e5f35e90d903-100x100.png,https://www.kentscientific.com/products/replacement-diaphragms-for-somnosuite-anesthesia-masks/
130,MANAGED_MULTI_REVIEW,Replacement Glass Beads,replacement-glass-beads,INS700861-3,UNVERIFIED,4,4,https://cdn.sanity.io/images/9b5twpc8/production/cc8357d9f25e97d06a0786af507f1dbb2a1f8184-700x700.png | https://cdn.sanity.io/images/9b5twpc8/production/04b704044cd6e8efcda137ae7ab72684d84d3c33-100x100.png | https://cdn.sanity.io/images/9b5twpc8/production/3277ba967c3d8fea0463e7dd6af91925c4a12024-100x100.png | https://cdn.sanity.io/images/9b5twpc8/production/ac037badca409e50107d5bfa8486a57301db6d20-100x100.png,https://cdn.sanity.io/images/9b5twpc8/production/cc8357d9f25e97d06a0786af507f1dbb2a1f8184-700x700.png | https://cdn.sanity.io/images/9b5twpc8/production/04b704044cd6e8efcda137ae7ab72684d84d3c33-100x100.png | https://cdn.sanity.io/images/9b5twpc8/production/3277ba967c3d8fea0463e7dd6af91925c4a12024-100x100.png | https://cdn.sanity.io/images/9b5twpc8/production/ac037badca409e50107d5bfa8486a57301db6d20-100x100.png,https://www.kentscientific.com/products/replacement-glass-beads/
131,MANAGED_MULTI_REVIEW,Replacement Surgical Field Covers,replacement-surgical-field-covers,SURGI-5021-2,UNVERIFIED,6,7,https://cdn.sanity.io/images/9b5twpc8/production/889d90b26c64d245297a3770a8b07349730ea157-700x700.png | https://cdn.sanity.io/images/9b5twpc8/production/0e4f0543193833b1a20c634ec36ba3fa7854e6b8-700x700.png | https://cdn.sanity.io/images/9b5twpc8/production/ac037badca409e50107d5bfa8486a57301db6d20-100x100.png | https://cdn.sanity.io/images/9b5twpc8/production/a905957678200fe3c1a98edde8a27fcc2f211ba5-100x100.png | https://cdn.sanity.io/images/9b5twpc8/production/04b704044cd6e8efcda137ae7ab72684d84d3c33-100x100.png | https://cdn.sanity.io/images/9b5twpc8/production/ebdda35a6d23b4cee06a53503a4dd73818e21353-100x100.png,https://cdn.sanity.io/images/9b5twpc8/production/889d90b26c64d245297a3770a8b07349730ea157-700x700.png | https://cdn.sanity.io/images/9b5twpc8/production/0e4f0543193833b1a20c634ec36ba3fa7854e6b8-700x700.png | https://cdn.sanity.io/images/9b5twpc8/production/ac037badca409e50107d5bfa8486a57301db6d20-100x100.png | https://cdn.sanity.io/images/9b5twpc8/production/a905957678200fe3c1a98edde8a27fcc2f211ba5-100x100.png | https://cdn.sanity.io/images/9b5twpc8/production/04b704044cd6e8efcda137ae7ab72684d84d3c33-100x100.png | https://cdn.sanity.io/images/9b5twpc8/production/ebdda35a6d23b4cee06a53503a4dd73818e21353-100x100.png | https://www.kentscientific.com/wp-content/uploads/2025/09/SURGI-5021-2_VERSION2_copy-2-600x600.png,https://www.kentscientific.com/products/replacement-surgical-field-covers/
132,MANAGED_MULTI_REVIEW,Retractor Tips,retractor-tips,SURGI-5014-2,UNVERIFIED,4,5,https://cdn.sanity.io/images/9b5twpc8/production/1ff426a0e70323dfe29ea67c40114ad31cb8f02c-700x700.png | https://cdn.sanity.io/images/9b5twpc8/production/ebdda35a6d23b4cee06a53503a4dd73818e21353-100x100.png | https://cdn.sanity.io/images/9b5twpc8/production/ac037badca409e50107d5bfa8486a57301db6d20-100x100.png | https://cdn.sanity.io/images/9b5twpc8/production/ae11dc78f1228474ef8a212c2dbc5dadcb0b8a4e-100x100.png,https://cdn.sanity.io/images/9b5twpc8/production/1ff426a0e70323dfe29ea67c40114ad31cb8f02c-700x700.png | https://cdn.sanity.io/images/9b5twpc8/production/ebdda35a6d23b4cee06a53503a4dd73818e21353-100x100.png | https://cdn.sanity.io/images/9b5twpc8/production/ac037badca409e50107d5bfa8486a57301db6d20-100x100.png | https://cdn.sanity.io/images/9b5twpc8/production/ae11dc78f1228474ef8a212c2dbc5dadcb0b8a4e-100x100.png | https://www.kentscientific.com/wp-content/uploads/2025/09/RETRACTOR_TIPS_copy-2-600x600.png,https://www.kentscientific.com/products/retractor-tips/
133,MANAGED_MULTI_REVIEW,Retractor Wires,retractor-wires,SURGI-5012-2,UNVERIFIED,4,5,https://cdn.sanity.io/images/9b5twpc8/production/149107a3cb3bdd0f24a1f83513d664c182f8df2d-700x700.png | https://cdn.sanity.io/images/9b5twpc8/production/ae11dc78f1228474ef8a212c2dbc5dadcb0b8a4e-100x100.png | https://cdn.sanity.io/images/9b5twpc8/production/ebdda35a6d23b4cee06a53503a4dd73818e21353-100x100.png | https://cdn.sanity.io/images/9b5twpc8/production/b8f3dadea91f805bc10d395e70c7547c8d3fafd8-100x100.png,https://cdn.sanity.io/images/9b5twpc8/production/149107a3cb3bdd0f24a1f83513d664c182f8df2d-700x700.png | https://cdn.sanity.io/images/9b5twpc8/production/ae11dc78f1228474ef8a212c2dbc5dadcb0b8a4e-100x100.png | https://cdn.sanity.io/images/9b5twpc8/production/ebdda35a6d23b4cee06a53503a4dd73818e21353-100x100.png | https://cdn.sanity.io/images/9b5twpc8/production/b8f3dadea91f805bc10d395e70c7547c8d3fafd8-100x100.png | https://www.kentscientific.com/wp-content/uploads/2025/09/Retractor-Wires-600x600.png,https://www.kentscientific.com/products/retractor-wires/
134,MANAGED_MULTI_REVIEW,RightTemp®,righttemp,555,UNVERIFIED,12,12,https://cdn.sanity.io/images/9b5twpc8/production/fc0930222ce690d6ab22e640a387631d6ca5d8d9-400x307.jpg | https://cdn.sanity.io/images/9b5twpc8/production/aef476ce578f88216a1914f87bf66c6ccc7e4e9f-100x100.jpg | https://cdn.sanity.io/images/9b5twpc8/production/db6aa3775c018758c8c7373ef45a746366638282-100x100.png | https://cdn.sanity.io/images/9b5twpc8/production/99cabfa7b1566d7e2fcc4091960f1972131b3b01-100x100.png | https://cdn.sanity.io/images/9b5twpc8/production/887a80dadb19203c956dbb06c5e67ce155c51dde-1000x202.jpg | https://cdn.sanity.io/images/9b5twpc8/production/5c89f469163d02db19a2fe9f8ab896bf50869077-200x136.jpg | https://cdn.sanity.io/images/9b5twpc8/production/c80dd05ce0924c5f1b860e53c6822f3c0241f57d-200x200.jpg | https://cdn.sanity.io/images/9b5twpc8/production/f47b8a48d1d3ee14d1f60ded1fdc8092b552ef74-200x178.jpg | https://cdn.sanity.io/images/9b5twpc8/production/75e26d1e9bdc83f195eb413a62687e17c8473050-200x112.jpg | https://cdn.sanity.io/images/9b5twpc8/production/9f96a82ce2ad9616a0b0874010788188e7ef6a73-200x200.jpg | https://cdn.sanity.io/images/9b5twpc8/production/38d1af37d4192bb2a861157a270e351a573a528b-47x48.svg | https://cdn.sanity.io/images/9b5twpc8/production/f8e3740e756054479c7ed4cd4fc176b2c76a5b63-112x54.png,https://cdn.sanity.io/images/9b5twpc8/production/fc0930222ce690d6ab22e640a387631d6ca5d8d9-400x307.jpg | https://cdn.sanity.io/images/9b5twpc8/production/aef476ce578f88216a1914f87bf66c6ccc7e4e9f-100x100.jpg | https://cdn.sanity.io/images/9b5twpc8/production/db6aa3775c018758c8c7373ef45a746366638282-100x100.png | https://cdn.sanity.io/images/9b5twpc8/production/99cabfa7b1566d7e2fcc4091960f1972131b3b01-100x100.png | https://cdn.sanity.io/images/9b5twpc8/production/887a80dadb19203c956dbb06c5e67ce155c51dde-1000x202.jpg | https://cdn.sanity.io/images/9b5twpc8/production/5c89f469163d02db19a2fe9f8ab896bf50869077-200x136.jpg | https://cdn.sanity.io/images/9b5twpc8/production/c80dd05ce0924c5f1b860e53c6822f3c0241f57d-200x200.jpg | https://cdn.sanity.io/images/9b5twpc8/production/f47b8a48d1d3ee14d1f60ded1fdc8092b552ef74-200x178.jpg | https://cdn.sanity.io/images/9b5twpc8/production/75e26d1e9bdc83f195eb413a62687e17c8473050-200x112.jpg | https://cdn.sanity.io/images/9b5twpc8/production/9f96a82ce2ad9616a0b0874010788188e7ef6a73-200x200.jpg | https://cdn.sanity.io/images/9b5twpc8/production/38d1af37d4192bb2a861157a270e351a573a528b-47x48.svg | https://cdn.sanity.io/images/9b5twpc8/production/f8e3740e756054479c7ed4cd4fc176b2c76a5b63-112x54.png,https://www.kentscientific.com/products/righttemp/
135,MANAGED_MULTI_REVIEW,RightTemp® Jr.,righttemp-jr,RT-JR,UNVERIFIED,4,5,https://cdn.sanity.io/images/9b5twpc8/production/771b3019ab6acd2f220cbb34838c5d6210b273f8-700x700.png | https://cdn.sanity.io/images/9b5twpc8/production/4d5067f0338e2e5f124cba12d293ad6ddb99a2c1-100x100.png | https://cdn.sanity.io/images/9b5twpc8/production/c048518f193bce43f749f0612c87bffb56ce0bee-100x100.png | https://cdn.sanity.io/images/9b5twpc8/production/aef476ce578f88216a1914f87bf66c6ccc7e4e9f-100x100.jpg,https://cdn.sanity.io/images/9b5twpc8/production/771b3019ab6acd2f220cbb34838c5d6210b273f8-700x700.png | https://cdn.sanity.io/images/9b5twpc8/production/4d5067f0338e2e5f124cba12d293ad6ddb99a2c1-100x100.png | https://cdn.sanity.io/images/9b5twpc8/production/c048518f193bce43f749f0612c87bffb56ce0bee-100x100.png | https://cdn.sanity.io/images/9b5twpc8/production/aef476ce578f88216a1914f87bf66c6ccc7e4e9f-100x100.jpg | https://www.kentscientific.com/wp-content/uploads/2025/09/RightTemp-Jr-500x282_UPDATED-600x600.png,https://www.kentscientific.com/products/righttemp-jr/
136,MANAGED_MULTI_REVIEW,RightTemp® Sensor for Animal or Warming Pad,righttemp-sensor-for-animal-or-warming-pad,RT-0001-9,UNVERIFIED,4,5,https://cdn.sanity.io/images/9b5twpc8/production/038bdd1c8f16e4a87de253c015dbccdf1dbc4870-700x700.png | https://cdn.sanity.io/images/9b5twpc8/production/a255c2e064d7c60110c3ca6d3f26f2a21be2a684-100x100.png | https://cdn.sanity.io/images/9b5twpc8/production/b4c45ce0d6d185990903782e50c6d989cd194c46-100x100.png | https://cdn.sanity.io/images/9b5twpc8/production/db6aa3775c018758c8c7373ef45a746366638282-100x100.png,https://cdn.sanity.io/images/9b5twpc8/production/038bdd1c8f16e4a87de253c015dbccdf1dbc4870-700x700.png | https://cdn.sanity.io/images/9b5twpc8/production/a255c2e064d7c60110c3ca6d3f26f2a21be2a684-100x100.png | https://cdn.sanity.io/images/9b5twpc8/production/b4c45ce0d6d185990903782e50c6d989cd194c46-100x100.png | https://cdn.sanity.io/images/9b5twpc8/production/db6aa3775c018758c8c7373ef45a746366638282-100x100.png | https://www.kentscientific.com/wp-content/uploads/2025/09/RightTemp-Sensor-for-Animal-or-Warming-Pad-Kent-Scientific-600x600.png,https://www.kentscientific.com/products/righttemp-sensor-for-animal-or-warming-pad/
137,MANAGED_MULTI_REVIEW,RoVent®,rovent,RV-04,UNVERIFIED,8,8,https://cdn.sanity.io/images/9b5twpc8/production/240d261721c02a573ddc031bec74706fe50bd866-700x700.png | https://cdn.sanity.io/images/9b5twpc8/production/6c613e1fa80d22fe1124dde88b48930ecbf11f21-100x100.png | https://cdn.sanity.io/images/9b5twpc8/production/7a88a14dd6a7ee95e7394fb41be6917d7928aab3-100x100.png | https://cdn.sanity.io/images/9b5twpc8/production/5e38d71980d0264f1e6e30dd39bb9f22226a65a7-300x300.png | https://cdn.sanity.io/images/9b5twpc8/production/bb1c744fe0fa1b32c27e6fad0e8389173028d7c6-300x300.png | https://cdn.sanity.io/images/9b5twpc8/production/a2a85f1621f10265a8017503d56f84c61b485ff3-300x300.png | https://cdn.sanity.io/images/9b5twpc8/production/38d1af37d4192bb2a861157a270e351a573a528b-47x48.svg | https://cdn.sanity.io/images/9b5twpc8/production/f8e3740e756054479c7ed4cd4fc176b2c76a5b63-112x54.png,https://cdn.sanity.io/images/9b5twpc8/production/240d261721c02a573ddc031bec74706fe50bd866-700x700.png | https://cdn.sanity.io/images/9b5twpc8/production/6c613e1fa80d22fe1124dde88b48930ecbf11f21-100x100.png | https://cdn.sanity.io/images/9b5twpc8/production/7a88a14dd6a7ee95e7394fb41be6917d7928aab3-100x100.png | https://cdn.sanity.io/images/9b5twpc8/production/5e38d71980d0264f1e6e30dd39bb9f22226a65a7-300x300.png | https://cdn.sanity.io/images/9b5twpc8/production/bb1c744fe0fa1b32c27e6fad0e8389173028d7c6-300x300.png | https://cdn.sanity.io/images/9b5twpc8/production/a2a85f1621f10265a8017503d56f84c61b485ff3-300x300.png | https://cdn.sanity.io/images/9b5twpc8/production/38d1af37d4192bb2a861157a270e351a573a528b-47x48.svg | https://cdn.sanity.io/images/9b5twpc8/production/f8e3740e756054479c7ed4cd4fc176b2c76a5b63-112x54.png,https://www.kentscientific.com/products/rovent/
138,MANAGED_MULTI_REVIEW,RoVent® Jr.,rovent-jr,RV-JR,UNVERIFIED,3,3,https://cdn.sanity.io/images/9b5twpc8/production/fc0fe131cdbcc0358e80d9d1f2967985caf9f589-700x700.png | https://cdn.sanity.io/images/9b5twpc8/production/8d0f607f3aa916a0da1cee5f60e8a90ec638f72a-100x100.png | https://cdn.sanity.io/images/9b5twpc8/production/2396abcd4e8e3c2a5dfe46c00c2f096224a076f3-100x100.png,https://cdn.sanity.io/images/9b5twpc8/production/fc0fe131cdbcc0358e80d9d1f2967985caf9f589-700x700.png | https://cdn.sanity.io/images/9b5twpc8/production/8d0f607f3aa916a0da1cee5f60e8a90ec638f72a-100x100.png | https://cdn.sanity.io/images/9b5twpc8/production/2396abcd4e8e3c2a5dfe46c00c2f096224a076f3-100x100.png,https://www.kentscientific.com/products/rovent-jr/
139,MANAGED_MULTI_REVIEW,SkinScanner,skinscanner-1,SKINSCANNER,UNVERIFIED,7,7,https://cdn.sanity.io/images/9b5twpc8/production/0be7bdfff6804e6ae9d97854aec5405bdbde5126-700x700.png | https://cdn.sanity.io/images/9b5twpc8/production/b3b9bcf3e3135c5f32fa103544679309b1b293a3-100x100.png | https://cdn.sanity.io/images/9b5twpc8/production/5d1b7a6624dc6bf53e06291b54c21873c331ebd8-200x200.png | https://cdn.sanity.io/images/9b5twpc8/production/f8a7eb1dec4d8dc75f792d5cde176544b46294f6-200x200.png | https://cdn.sanity.io/images/9b5twpc8/production/da505370a4f0a1321a81adc465368312cd9442cf-25x26.svg | https://cdn.sanity.io/images/9b5twpc8/production/f3f7aa621b6efde0312d1817c82dbce610109a63-25x26.svg | https://cdn.sanity.io/images/9b5twpc8/production/27ccced550163fee650e48ad624970e3ffe5b467-25x26.svg,https://cdn.sanity.io/images/9b5twpc8/production/0be7bdfff6804e6ae9d97854aec5405bdbde5126-700x700.png | https://cdn.sanity.io/images/9b5twpc8/production/b3b9bcf3e3135c5f32fa103544679309b1b293a3-100x100.png | https://cdn.sanity.io/images/9b5twpc8/production/5d1b7a6624dc6bf53e06291b54c21873c331ebd8-200x200.png | https://cdn.sanity.io/images/9b5twpc8/production/f8a7eb1dec4d8dc75f792d5cde176544b46294f6-200x200.png | https://cdn.sanity.io/images/9b5twpc8/production/da505370a4f0a1321a81adc465368312cd9442cf-25x26.svg | https://cdn.sanity.io/images/9b5twpc8/production/f3f7aa621b6efde0312d1817c82dbce610109a63-25x26.svg | https://cdn.sanity.io/images/9b5twpc8/production/27ccced550163fee650e48ad624970e3ffe5b467-25x26.svg,https://www.kentscientific.com/products/skinscanner-1/
140,MANAGED_MULTI_REVIEW,Sliding Top Chambers,sliding-top-chambers-for-somnosuite,N/A,UNVERIFIED,4,5,https://cdn.sanity.io/images/9b5twpc8/production/ac75e48a6673d2240f6ec2bc4f4eebfaa8744eab-700x700.png | https://cdn.sanity.io/images/9b5twpc8/production/115dacefcb256768e8bb28c9ed38e5f35e90d903-100x100.png | https://cdn.sanity.io/images/9b5twpc8/production/1cd64afaa4e8011b1e2597cf84e2b0a278568bc8-100x100.png | https://cdn.sanity.io/images/9b5twpc8/production/052b6745719372b877220d3f841e08d2a7278f2d-100x100.png,https://cdn.sanity.io/images/9b5twpc8/production/ac75e48a6673d2240f6ec2bc4f4eebfaa8744eab-700x700.png | https://cdn.sanity.io/images/9b5twpc8/production/115dacefcb256768e8bb28c9ed38e5f35e90d903-100x100.png | https://cdn.sanity.io/images/9b5twpc8/production/1cd64afaa4e8011b1e2597cf84e2b0a278568bc8-100x100.png | https://cdn.sanity.io/images/9b5twpc8/production/052b6745719372b877220d3f841e08d2a7278f2d-100x100.png | https://www.kentscientific.com/wp-content/uploads/2025/09/chambers-no_tubing-600x600.png,https://www.kentscientific.com/products/sliding-top-chambers-for-somnosuite/
141,MANAGED_MULTI_REVIEW,Sliding Top Chambers for Traditional Vaporizers,sliding-top-chambers-for-traditional-vaporizers,N/A,UNVERIFIED,4,5,https://cdn.sanity.io/images/9b5twpc8/production/8b00fba34492cd1987c769e4e9e6ed9462b1abfd-700x700.png | https://cdn.sanity.io/images/9b5twpc8/production/052b6745719372b877220d3f841e08d2a7278f2d-100x100.png | https://cdn.sanity.io/images/9b5twpc8/production/115dacefcb256768e8bb28c9ed38e5f35e90d903-100x100.png | https://cdn.sanity.io/images/9b5twpc8/production/7aebc56fabb64f58e6c51717e005dcd46c2a534f-100x100.png,https://cdn.sanity.io/images/9b5twpc8/production/8b00fba34492cd1987c769e4e9e6ed9462b1abfd-700x700.png | https://cdn.sanity.io/images/9b5twpc8/production/052b6745719372b877220d3f841e08d2a7278f2d-100x100.png | https://cdn.sanity.io/images/9b5twpc8/production/115dacefcb256768e8bb28c9ed38e5f35e90d903-100x100.png | https://cdn.sanity.io/images/9b5twpc8/production/7aebc56fabb64f58e6c51717e005dcd46c2a534f-100x100.png | https://www.kentscientific.com/wp-content/uploads/2025/09/VetFlo_Chambers_lo_res_no_tubing-600x600.png,https://www.kentscientific.com/products/sliding-top-chambers-for-traditional-vaporizers/
142,MANAGED_MULTI_REVIEW,Small Bulldog Clamp,small-bulldog-clamp,INS600118-2,UNVERIFIED,4,4,https://cdn.sanity.io/images/9b5twpc8/production/adff186e741a9fd2dda8d19579e67a073ce075f8-700x700.png | https://cdn.sanity.io/images/9b5twpc8/production/b8f3dadea91f805bc10d395e70c7547c8d3fafd8-100x100.png | https://cdn.sanity.io/images/9b5twpc8/production/ae11dc78f1228474ef8a212c2dbc5dadcb0b8a4e-100x100.png | https://cdn.sanity.io/images/9b5twpc8/production/1dcebd8ebb9e4977a3c2a1cd655df43780a3793f-100x100.png,https://cdn.sanity.io/images/9b5twpc8/production/adff186e741a9fd2dda8d19579e67a073ce075f8-700x700.png | https://cdn.sanity.io/images/9b5twpc8/production/b8f3dadea91f805bc10d395e70c7547c8d3fafd8-100x100.png | https://cdn.sanity.io/images/9b5twpc8/production/ae11dc78f1228474ef8a212c2dbc5dadcb0b8a4e-100x100.png | https://cdn.sanity.io/images/9b5twpc8/production/1dcebd8ebb9e4977a3c2a1cd655df43780a3793f-100x100.png,https://www.kentscientific.com/products/small-bulldog-clamp/
143,MANAGED_MULTI_REVIEW,SomnoFlo®,somnoflo,SF-01,UNVERIFIED,6,6,https://cdn.sanity.io/images/9b5twpc8/production/5d3597e6b7099cffa1aeaed6fdccbfc0caf09751-700x700.png | https://cdn.sanity.io/images/9b5twpc8/production/7aebc56fabb64f58e6c51717e005dcd46c2a534f-100x100.png | https://cdn.sanity.io/images/9b5twpc8/production/052b6745719372b877220d3f841e08d2a7278f2d-100x100.png | https://cdn.sanity.io/images/9b5twpc8/production/73c25f8b49e9f9e4ffbe9ad247b5fd5d453b864a-100x100.png | https://cdn.sanity.io/images/9b5twpc8/production/6fe5e57137d3b3f8216a8dfabe9c63f09f2f35de-550x334.jpg | https://cdn.sanity.io/images/9b5twpc8/production/85f6f8f81e71237129c6d31b04f9ed9eb46b89d8-1200x833.webp,https://cdn.sanity.io/images/9b5twpc8/production/5d3597e6b7099cffa1aeaed6fdccbfc0caf09751-700x700.png | https://cdn.sanity.io/images/9b5twpc8/production/7aebc56fabb64f58e6c51717e005dcd46c2a534f-100x100.png | https://cdn.sanity.io/images/9b5twpc8/production/052b6745719372b877220d3f841e08d2a7278f2d-100x100.png | https://cdn.sanity.io/images/9b5twpc8/production/73c25f8b49e9f9e4ffbe9ad247b5fd5d453b864a-100x100.png | https://cdn.sanity.io/images/9b5twpc8/production/6fe5e57137d3b3f8216a8dfabe9c63f09f2f35de-550x334.jpg | https://cdn.sanity.io/images/9b5twpc8/production/85f6f8f81e71237129c6d31b04f9ed9eb46b89d8-1200x833.webp,https://www.kentscientific.com/products/somnoflo/
144,MANAGED_MULTI_REVIEW,SomnoFlo® O2Care,somnoflo-o2care,SF-06,UNVERIFIED,7,7,https://cdn.sanity.io/images/9b5twpc8/production/e549011a811ab5b44d1d6efae9279b6dee13de48-700x700.png | https://cdn.sanity.io/images/9b5twpc8/production/1ac6e2160022c584a5f3792fac8aee6143a80c1a-100x100.png | https://cdn.sanity.io/images/9b5twpc8/production/d3499aec40482c5bbcdbf2ff739f26518ed43ed4-100x100.png | https://cdn.sanity.io/images/9b5twpc8/production/419d9c54c7596d77c0b6abe29884db32e8d4907f-100x100.png | https://cdn.sanity.io/images/9b5twpc8/production/6fe5e57137d3b3f8216a8dfabe9c63f09f2f35de-550x334.jpg | https://cdn.sanity.io/images/9b5twpc8/production/58e74efc252302da51c631b44fe71585db1495ee-546x352.jpg | https://cdn.sanity.io/images/9b5twpc8/production/817b8841b05cd481bfd4c8d6ba83740a65efe440-527x129.png,https://cdn.sanity.io/images/9b5twpc8/production/e549011a811ab5b44d1d6efae9279b6dee13de48-700x700.png | https://cdn.sanity.io/images/9b5twpc8/production/1ac6e2160022c584a5f3792fac8aee6143a80c1a-100x100.png | https://cdn.sanity.io/images/9b5twpc8/production/d3499aec40482c5bbcdbf2ff739f26518ed43ed4-100x100.png | https://cdn.sanity.io/images/9b5twpc8/production/419d9c54c7596d77c0b6abe29884db32e8d4907f-100x100.png | https://cdn.sanity.io/images/9b5twpc8/production/6fe5e57137d3b3f8216a8dfabe9c63f09f2f35de-550x334.jpg | https://cdn.sanity.io/images/9b5twpc8/production/58e74efc252302da51c631b44fe71585db1495ee-546x352.jpg | https://cdn.sanity.io/images/9b5twpc8/production/817b8841b05cd481bfd4c8d6ba83740a65efe440-527x129.png,https://www.kentscientific.com/products/somnoflo-o2care/
145,MANAGED_MULTI_REVIEW,SomnoSuite®,somnosuite,SS-01,UNVERIFIED,10,10,https://cdn.sanity.io/images/9b5twpc8/production/5b5ab583f6ff310eff71ff103a8cf06046da783a-700x700.png | https://cdn.sanity.io/images/9b5twpc8/production/c7e7cef91703ad046c96e2feaf3825eb508c34ec-100x100.png | https://cdn.sanity.io/images/9b5twpc8/production/9956849d5fa400fdd4986f04ee460b754d06ff19-100x100.png | https://cdn.sanity.io/images/9b5twpc8/production/72a20dde06626ade672621cf82394e317e103b72-100x100.png | https://cdn.sanity.io/images/9b5twpc8/production/6fe5e57137d3b3f8216a8dfabe9c63f09f2f35de-550x334.jpg | https://cdn.sanity.io/images/9b5twpc8/production/0d201093525c62d3992a358e36ea190b3f4e812f-800x667.webp | https://cdn.sanity.io/images/9b5twpc8/production/10b7061daa977cde23e794d357f4448edd2b8577-64x65.svg | https://cdn.sanity.io/images/9b5twpc8/production/16c26698aeb28fb2b50cfeae9e3d877a2b37af1a-64x65.svg | https://cdn.sanity.io/images/9b5twpc8/production/38d1af37d4192bb2a861157a270e351a573a528b-47x48.svg | https://cdn.sanity.io/images/9b5twpc8/production/f8e3740e756054479c7ed4cd4fc176b2c76a5b63-112x54.png,https://cdn.sanity.io/images/9b5twpc8/production/5b5ab583f6ff310eff71ff103a8cf06046da783a-700x700.png | https://cdn.sanity.io/images/9b5twpc8/production/c7e7cef91703ad046c96e2feaf3825eb508c34ec-100x100.png | https://cdn.sanity.io/images/9b5twpc8/production/9956849d5fa400fdd4986f04ee460b754d06ff19-100x100.png | https://cdn.sanity.io/images/9b5twpc8/production/72a20dde06626ade672621cf82394e317e103b72-100x100.png | https://cdn.sanity.io/images/9b5twpc8/production/6fe5e57137d3b3f8216a8dfabe9c63f09f2f35de-550x334.jpg | https://cdn.sanity.io/images/9b5twpc8/production/0d201093525c62d3992a358e36ea190b3f4e812f-800x667.webp | https://cdn.sanity.io/images/9b5twpc8/production/10b7061daa977cde23e794d357f4448edd2b8577-64x65.svg | https://cdn.sanity.io/images/9b5twpc8/production/16c26698aeb28fb2b50cfeae9e3d877a2b37af1a-64x65.svg | https://cdn.sanity.io/images/9b5twpc8/production/38d1af37d4192bb2a861157a270e351a573a528b-47x48.svg | https://cdn.sanity.io/images/9b5twpc8/production/f8e3740e756054479c7ed4cd4fc176b2c76a5b63-112x54.png,https://www.kentscientific.com/products/somnosuite/
146,MANAGED_MULTI_REVIEW,SomnoSuite® Delivery Tube,somnosuite-delivery-tube,10-4000-66,UNVERIFIED,4,4,https://cdn.sanity.io/images/9b5twpc8/production/7861ed5bafdfd07987cd454f85a2e18fc811e31b-700x700.png | https://cdn.sanity.io/images/9b5twpc8/production/66f5b5f2537cc7b597734daf52ad074237d68348-100x100.png | https://cdn.sanity.io/images/9b5twpc8/production/73c25f8b49e9f9e4ffbe9ad247b5fd5d453b864a-100x100.png | https://cdn.sanity.io/images/9b5twpc8/production/9956849d5fa400fdd4986f04ee460b754d06ff19-100x100.png,https://cdn.sanity.io/images/9b5twpc8/production/7861ed5bafdfd07987cd454f85a2e18fc811e31b-700x700.png | https://cdn.sanity.io/images/9b5twpc8/production/66f5b5f2537cc7b597734daf52ad074237d68348-100x100.png | https://cdn.sanity.io/images/9b5twpc8/production/73c25f8b49e9f9e4ffbe9ad247b5fd5d453b864a-100x100.png | https://cdn.sanity.io/images/9b5twpc8/production/9956849d5fa400fdd4986f04ee460b754d06ff19-100x100.png,https://www.kentscientific.com/products/somnosuite-delivery-tube/
147,MANAGED_MULTI_REVIEW,Spring Scissors Straight 12 cm Long Extra Fine,spring-scissors-straight-12-cm-long-extra-fine,INS600125,UNVERIFIED,4,4,https://cdn.sanity.io/images/9b5twpc8/production/f257f0703686642bde231df044af309e7862b6e3-700x700.png | https://cdn.sanity.io/images/9b5twpc8/production/f230295561db20b2912f1409d933188056aed57b-100x100.png | https://cdn.sanity.io/images/9b5twpc8/production/1dcebd8ebb9e4977a3c2a1cd655df43780a3793f-100x100.png | https://cdn.sanity.io/images/9b5twpc8/production/3ffdef56b78c037a358477a9d974e792e0f66dbf-100x100.png,https://cdn.sanity.io/images/9b5twpc8/production/f257f0703686642bde231df044af309e7862b6e3-700x700.png | https://cdn.sanity.io/images/9b5twpc8/production/f230295561db20b2912f1409d933188056aed57b-100x100.png | https://cdn.sanity.io/images/9b5twpc8/production/1dcebd8ebb9e4977a3c2a1cd655df43780a3793f-100x100.png | https://cdn.sanity.io/images/9b5twpc8/production/3ffdef56b78c037a358477a9d974e792e0f66dbf-100x100.png,https://www.kentscientific.com/products/spring-scissors-straight-12-cm-long-extra-fine/
148,MANAGED_MULTI_REVIEW,Stainless Steel Brain Matrices,stainless-steel-brain-matrices,RBMS-200C,UNVERIFIED,6,7,https://cdn.sanity.io/images/9b5twpc8/production/a1f111cbf4adee075b40edfa661133d54dcc2b1d-700x700.png | https://cdn.sanity.io/images/9b5twpc8/production/490d6d2b8eaa5817d215552e7c7d1545fb461773-100x100.png | https://cdn.sanity.io/images/9b5twpc8/production/ecfef9c1c44b8cf4a6a666a15c9583b61d3b8487-100x100.png | https://cdn.sanity.io/images/9b5twpc8/production/b49b51ff78331e4f6ea913bfd96a7bd9d7412c02-100x100.png | https://cdn.sanity.io/images/9b5twpc8/production/40e628f0f2b80c301460982e01cf5838e74a9673-300x207.jpg | https://cdn.sanity.io/images/9b5twpc8/production/a0e426ca74b23c83e156083a0f58c8b31709004c-168x142.jpg,https://cdn.sanity.io/images/9b5twpc8/production/a1f111cbf4adee075b40edfa661133d54dcc2b1d-700x700.png | https://cdn.sanity.io/images/9b5twpc8/production/490d6d2b8eaa5817d215552e7c7d1545fb461773-100x100.png | https://cdn.sanity.io/images/9b5twpc8/production/ecfef9c1c44b8cf4a6a666a15c9583b61d3b8487-100x100.png | https://cdn.sanity.io/images/9b5twpc8/production/b49b51ff78331e4f6ea913bfd96a7bd9d7412c02-100x100.png | https://cdn.sanity.io/images/9b5twpc8/production/40e628f0f2b80c301460982e01cf5838e74a9673-300x207.jpg | https://cdn.sanity.io/images/9b5twpc8/production/a0e426ca74b23c83e156083a0f58c8b31709004c-168x142.jpg | https://www.kentscientific.com/wp-content/uploads/2025/09/Stainless-Steel-Brain-Matrices-_-Kent-Scientific-600x600.png,https://www.kentscientific.com/products/stainless-steel-brain-matrices/
149,MANAGED_MULTI_REVIEW,Stamped Ear Tags,stamped-ear-tags,TAGS1-500,UNVERIFIED,7,8,https://cdn.sanity.io/images/9b5twpc8/production/0f7e347785907cbe54b2c8d895547680d55568a4-700x700.png | https://cdn.sanity.io/images/9b5twpc8/production/0d8fa803accaf15ceab6038392c279a1f2c4720a-700x700.png | https://cdn.sanity.io/images/9b5twpc8/production/a85a77cb7bda6fb93608d69e338a3e1b113f8295-100x100.png | https://cdn.sanity.io/images/9b5twpc8/production/f80c5ffa256e0990f71b6616c489ea597ae8692f-100x100.png | https://cdn.sanity.io/images/9b5twpc8/production/03d3b54bb52175c1ae6318b1e2fc1edf871692f9-100x100.png | https://cdn.sanity.io/images/9b5twpc8/production/d2302ebd11416dc993da6494a4249ad713c5d3eb-100x100.png | https://cdn.sanity.io/images/9b5twpc8/production/fa4abc703c614c9d3e6a153bb749caf1a17d3721-197x148.jpg,https://cdn.sanity.io/images/9b5twpc8/production/0f7e347785907cbe54b2c8d895547680d55568a4-700x700.png | https://cdn.sanity.io/images/9b5twpc8/production/0d8fa803accaf15ceab6038392c279a1f2c4720a-700x700.png | https://cdn.sanity.io/images/9b5twpc8/production/a85a77cb7bda6fb93608d69e338a3e1b113f8295-100x100.png | https://cdn.sanity.io/images/9b5twpc8/production/f80c5ffa256e0990f71b6616c489ea597ae8692f-100x100.png | https://cdn.sanity.io/images/9b5twpc8/production/03d3b54bb52175c1ae6318b1e2fc1edf871692f9-100x100.png | https://cdn.sanity.io/images/9b5twpc8/production/d2302ebd11416dc993da6494a4249ad713c5d3eb-100x100.png | https://cdn.sanity.io/images/9b5twpc8/production/fa4abc703c614c9d3e6a153bb749caf1a17d3721-197x148.jpg | https://www.kentscientific.com/wp-content/uploads/2025/09/stamped-tags-600x600.png,https://www.kentscientific.com/products/stamped-ear-tags/
150,MANAGED_MULTI_REVIEW,Standalone Flowmeter with Stand,standalone-flowmeter-with-stand-0-05lpm,NEB-1400,UNVERIFIED,4,4,https://cdn.sanity.io/images/9b5twpc8/production/188aaf3f7121b6d887b4c44b49e84bac4f8b1e55-700x700.png | https://cdn.sanity.io/images/9b5twpc8/production/e344fffc2ee1cb9033a285e90112077683e076be-100x100.png | https://cdn.sanity.io/images/9b5twpc8/production/2b989910b8706adbe07c25c50f6165cf1df3c01a-100x100.png | https://cdn.sanity.io/images/9b5twpc8/production/227897f494ec9ad728c324cb0ca8ddb86c315e63-100x100.png,https://cdn.sanity.io/images/9b5twpc8/production/188aaf3f7121b6d887b4c44b49e84bac4f8b1e55-700x700.png | https://cdn.sanity.io/images/9b5twpc8/production/e344fffc2ee1cb9033a285e90112077683e076be-100x100.png | https://cdn.sanity.io/images/9b5twpc8/production/2b989910b8706adbe07c25c50f6165cf1df3c01a-100x100.png | https://cdn.sanity.io/images/9b5twpc8/production/227897f494ec9ad728c324cb0ca8ddb86c315e63-100x100.png,https://www.kentscientific.com/products/standalone-flowmeter-with-stand-0-05lpm/
151,MANAGED_MULTI_REVIEW,Stereotaxic Adapter Kit,stereotaxic-adapter-kit,10-4500-18,UNVERIFIED,4,4,https://cdn.sanity.io/images/9b5twpc8/production/824bc2e4c0ef1be1f969b8bcde1796f1f0d7f32c-700x700.png | https://cdn.sanity.io/images/9b5twpc8/production/f94d4b1741243347cc05e1e5f0b88ae76ab37011-100x100.png | https://cdn.sanity.io/images/9b5twpc8/production/f97b0ddb92b3f0ba4fd96e770010b63555379949-100x100.png | https://cdn.sanity.io/images/9b5twpc8/production/bc913a7e4ef9f33eadd434e4e9d6b291b6796734-100x100.png,https://cdn.sanity.io/images/9b5twpc8/production/824bc2e4c0ef1be1f969b8bcde1796f1f0d7f32c-700x700.png | https://cdn.sanity.io/images/9b5twpc8/production/f94d4b1741243347cc05e1e5f0b88ae76ab37011-100x100.png | https://cdn.sanity.io/images/9b5twpc8/production/f97b0ddb92b3f0ba4fd96e770010b63555379949-100x100.png | https://cdn.sanity.io/images/9b5twpc8/production/bc913a7e4ef9f33eadd434e4e9d6b291b6796734-100x100.png,https://www.kentscientific.com/products/stereotaxic-adapter-kit/
152,MANAGED_MULTI_REVIEW,Sterile Disposable Towel Drapes,sterile-disposable-towel-drapes,SURGI-5023-3,UNVERIFIED,4,5,https://cdn.sanity.io/images/9b5twpc8/production/8a9cee2debd0f945c78094a929aa889f7508a580-700x700.png | https://cdn.sanity.io/images/9b5twpc8/production/3ffdef56b78c037a358477a9d974e792e0f66dbf-100x100.png | https://cdn.sanity.io/images/9b5twpc8/production/f230295561db20b2912f1409d933188056aed57b-100x100.png | https://cdn.sanity.io/images/9b5twpc8/production/d2c040bcc24a2673a9b6ff32bf364f772e60cd37-100x100.png,https://cdn.sanity.io/images/9b5twpc8/production/8a9cee2debd0f945c78094a929aa889f7508a580-700x700.png | https://cdn.sanity.io/images/9b5twpc8/production/3ffdef56b78c037a358477a9d974e792e0f66dbf-100x100.png | https://cdn.sanity.io/images/9b5twpc8/production/f230295561db20b2912f1409d933188056aed57b-100x100.png | https://cdn.sanity.io/images/9b5twpc8/production/d2c040bcc24a2673a9b6ff32bf364f772e60cd37-100x100.png | https://www.kentscientific.com/wp-content/uploads/2025/09/SURGI-5023-3_silo-2-600x600.png,https://www.kentscientific.com/products/sterile-disposable-towel-drapes/
153,MANAGED_MULTI_REVIEW,Straight #5 Tweezer Kit,straight-5-tweezer-kit,INS600-KIT,UNVERIFIED,4,4,https://cdn.sanity.io/images/9b5twpc8/production/b61f11027b948798033d3ee18c758c72cc01f8c2-700x700.png | https://cdn.sanity.io/images/9b5twpc8/production/d2c040bcc24a2673a9b6ff32bf364f772e60cd37-100x100.png | https://cdn.sanity.io/images/9b5twpc8/production/3ffdef56b78c037a358477a9d974e792e0f66dbf-100x100.png | https://cdn.sanity.io/images/9b5twpc8/production/dff2d6de639b176be2afd55c538160d9bca72674-100x100.jpg,https://cdn.sanity.io/images/9b5twpc8/production/b61f11027b948798033d3ee18c758c72cc01f8c2-700x700.png | https://cdn.sanity.io/images/9b5twpc8/production/d2c040bcc24a2673a9b6ff32bf364f772e60cd37-100x100.png | https://cdn.sanity.io/images/9b5twpc8/production/3ffdef56b78c037a358477a9d974e792e0f66dbf-100x100.png | https://cdn.sanity.io/images/9b5twpc8/production/dff2d6de639b176be2afd55c538160d9bca72674-100x100.jpg,https://www.kentscientific.com/products/straight-5-tweezer-kit/
154,MANAGED_MULTI_REVIEW,Straight Feeding Needles,straight-feeding-needles,FNS-18-2-2,UNVERIFIED,3,4,https://cdn.sanity.io/images/9b5twpc8/production/3028673ae49a1cc59c639c6df554825a60426041-700x700.png | https://cdn.sanity.io/images/9b5twpc8/production/3cd5b4f267bbdc9fd12b3c9e7f0bccdfa051f2ed-100x100.png | https://cdn.sanity.io/images/9b5twpc8/production/0dfe48d6acd46e2ca6c8e62ada341ab696839c4d-100x100.png,https://cdn.sanity.io/images/9b5twpc8/production/3028673ae49a1cc59c639c6df554825a60426041-700x700.png | https://cdn.sanity.io/images/9b5twpc8/production/3cd5b4f267bbdc9fd12b3c9e7f0bccdfa051f2ed-100x100.png | https://cdn.sanity.io/images/9b5twpc8/production/0dfe48d6acd46e2ca6c8e62ada341ab696839c4d-100x100.png | https://www.kentscientific.com/wp-content/uploads/2025/09/Feeding-Needle-staright-2-600x600.png,https://www.kentscientific.com/products/straight-feeding-needles/
155,MANAGED_MULTI_REVIEW,Straight Serrated Needle Holder 14 cm Long,straight-serrated-needle-holder-14-cm-long,INS600110-2,UNVERIFIED,4,5,https://cdn.sanity.io/images/9b5twpc8/production/ed77aa808bf3746bcce9657f58dd0c9dfc7892ad-800x533.jpg | https://cdn.sanity.io/images/9b5twpc8/production/dff2d6de639b176be2afd55c538160d9bca72674-100x100.jpg | https://cdn.sanity.io/images/9b5twpc8/production/d2c040bcc24a2673a9b6ff32bf364f772e60cd37-100x100.png | https://cdn.sanity.io/images/9b5twpc8/production/82ce20965685dc6fa7d1e3f5fa520b5b67aca28a-100x100.png,https://cdn.sanity.io/images/9b5twpc8/production/ed77aa808bf3746bcce9657f58dd0c9dfc7892ad-800x533.jpg | https://cdn.sanity.io/images/9b5twpc8/production/dff2d6de639b176be2afd55c538160d9bca72674-100x100.jpg | https://cdn.sanity.io/images/9b5twpc8/production/d2c040bcc24a2673a9b6ff32bf364f772e60cd37-100x100.png | https://cdn.sanity.io/images/9b5twpc8/production/82ce20965685dc6fa7d1e3f5fa520b5b67aca28a-100x100.png | https://www.kentscientific.com/wp-content/uploads/2025/09/striaght-serrated-needle-holder-INS600110_PROFILE_silo-600x400.jpg,https://www.kentscientific.com/products/straight-serrated-needle-holder-14-cm-long/
156,MANAGED_MULTI_REVIEW,"Super Fine Dressing Forceps, 12.5 cm Long",super-fine-dressing-forceps-125-cm-long,INS650908-4,UNVERIFIED,4,4,https://cdn.sanity.io/images/9b5twpc8/production/fca209c2e82c9f1bc919929ef5367eae798f64df-700x700.png | https://cdn.sanity.io/images/9b5twpc8/production/8d2c3ecab9bfd58f1578914f509fcb714af9e4ff-100x100.png | https://cdn.sanity.io/images/9b5twpc8/production/8959a391e6abd6155bbc4d26fa04bb584ea6e235-100x100.png | https://cdn.sanity.io/images/9b5twpc8/production/6f9c358a6c72b7c10b256fdda4e66d53bca66bca-100x100.png,https://cdn.sanity.io/images/9b5twpc8/production/fca209c2e82c9f1bc919929ef5367eae798f64df-700x700.png | https://cdn.sanity.io/images/9b5twpc8/production/8d2c3ecab9bfd58f1578914f509fcb714af9e4ff-100x100.png | https://cdn.sanity.io/images/9b5twpc8/production/8959a391e6abd6155bbc4d26fa04bb584ea6e235-100x100.png | https://cdn.sanity.io/images/9b5twpc8/production/6f9c358a6c72b7c10b256fdda4e66d53bca66bca-100x100.png,https://www.kentscientific.com/products/super-fine-dressing-forceps-125-cm-long/
157,MANAGED_MULTI_REVIEW,Supercut Iris Scissors Straight 12.5 cm Long,supercut-iris-scissors-straight-125-cm-long,INS600225-2,UNVERIFIED,4,4,https://cdn.sanity.io/images/9b5twpc8/production/b2d9ac4090ed1a1e99a32982f3029d0a84ede942-700x700.png | https://cdn.sanity.io/images/9b5twpc8/production/82ce20965685dc6fa7d1e3f5fa520b5b67aca28a-100x100.png | https://cdn.sanity.io/images/9b5twpc8/production/dff2d6de639b176be2afd55c538160d9bca72674-100x100.jpg | https://cdn.sanity.io/images/9b5twpc8/production/672c875be87c9a9888f5faa5a8764ab2f21e2dd4-100x100.png,https://cdn.sanity.io/images/9b5twpc8/production/b2d9ac4090ed1a1e99a32982f3029d0a84ede942-700x700.png | https://cdn.sanity.io/images/9b5twpc8/production/82ce20965685dc6fa7d1e3f5fa520b5b67aca28a-100x100.png | https://cdn.sanity.io/images/9b5twpc8/production/dff2d6de639b176be2afd55c538160d9bca72674-100x100.jpg | https://cdn.sanity.io/images/9b5twpc8/production/672c875be87c9a9888f5faa5a8764ab2f21e2dd4-100x100.png,https://www.kentscientific.com/products/supercut-iris-scissors-straight-125-cm-long/
158,MANAGED_MULTI_REVIEW,Surgical Magnifier Glasses,surgical-magnifier-glasses,SL-001,UNVERIFIED,4,4,https://cdn.sanity.io/images/9b5twpc8/production/fd7fab34b58d06abeed913f242a58c9c29e980b6-700x700.png | https://cdn.sanity.io/images/9b5twpc8/production/672c875be87c9a9888f5faa5a8764ab2f21e2dd4-100x100.png | https://cdn.sanity.io/images/9b5twpc8/production/82ce20965685dc6fa7d1e3f5fa520b5b67aca28a-100x100.png | https://cdn.sanity.io/images/9b5twpc8/production/70636374b01c4d14e8a3ea899244928900bcd78b-100x100.png,https://cdn.sanity.io/images/9b5twpc8/production/fd7fab34b58d06abeed913f242a58c9c29e980b6-700x700.png | https://cdn.sanity.io/images/9b5twpc8/production/672c875be87c9a9888f5faa5a8764ab2f21e2dd4-100x100.png | https://cdn.sanity.io/images/9b5twpc8/production/82ce20965685dc6fa7d1e3f5fa520b5b67aca28a-100x100.png | https://cdn.sanity.io/images/9b5twpc8/production/70636374b01c4d14e8a3ea899244928900bcd78b-100x100.png,https://www.kentscientific.com/products/surgical-magnifier-glasses/
159,MANAGED_MULTI_REVIEW,Tube Rodent Holders,tube-rodent-holders,RSTR551,UNVERIFIED,3,9,https://cdn.sanity.io/images/9b5twpc8/production/c4fb1b15faaa8b338f5b1db4cfb2dff515b0e0d2-700x700.png | https://cdn.sanity.io/images/9b5twpc8/production/d324db0de848f2cd37f4c14a6a6230cdd6065083-100x100.png | https://cdn.sanity.io/images/9b5twpc8/production/9600a7330837546d4af5794ce381c9184f82f754-100x100.png,https://cdn.sanity.io/images/9b5twpc8/production/c4fb1b15faaa8b338f5b1db4cfb2dff515b0e0d2-700x700.png | https://cdn.sanity.io/images/9b5twpc8/production/d324db0de848f2cd37f4c14a6a6230cdd6065083-100x100.png | https://cdn.sanity.io/images/9b5twpc8/production/9600a7330837546d4af5794ce381c9184f82f754-100x100.png | https://www.kentscientific.com/wp-content/uploads/2025/09/RSTR551_silo-3-600x600.png | https://www.kentscientific.com/wp-content/uploads/2025/09/RSTR552_silo-3-600x600.png | https://www.kentscientific.com/wp-content/uploads/2025/09/RSTR553_silo-3-600x600.png | https://www.kentscientific.com/wp-content/uploads/2025/09/RSTR554_silo-3-600x600.png | https://www.kentscientific.com/wp-content/uploads/2025/09/RSTR553N_silo-3-600x600.png | https://www.kentscientific.com/wp-content/uploads/2025/09/RSTR554N_silo-3-600x600.png,https://www.kentscientific.com/products/tube-rodent-holders/
160,MANAGED_MULTI_REVIEW,Tweezer #5 0.06 mm Tips,tweezer-5-006-mm-tips,INS600098-2,UNVERIFIED,4,4,https://cdn.sanity.io/images/9b5twpc8/production/8a3c33cb90f7ffa1c5856cc49c5963bfd1aa5e5a-700x700.png | https://cdn.sanity.io/images/9b5twpc8/production/08eb10e3c5ebc6962c16e125c46ba8792f34f9c6-100x100.png | https://cdn.sanity.io/images/9b5twpc8/production/9aa1197dba3958852f6184b90df03c32aeec060b-100x100.png | https://cdn.sanity.io/images/9b5twpc8/production/8138dfad7874afdc8f847c5912098c772c3e24fa-100x100.png,https://cdn.sanity.io/images/9b5twpc8/production/8a3c33cb90f7ffa1c5856cc49c5963bfd1aa5e5a-700x700.png | https://cdn.sanity.io/images/9b5twpc8/production/08eb10e3c5ebc6962c16e125c46ba8792f34f9c6-100x100.png | https://cdn.sanity.io/images/9b5twpc8/production/9aa1197dba3958852f6184b90df03c32aeec060b-100x100.png | https://cdn.sanity.io/images/9b5twpc8/production/8138dfad7874afdc8f847c5912098c772c3e24fa-100x100.png,https://www.kentscientific.com/products/tweezer-5-006-mm-tips/
161,MANAGED_MULTI_REVIEW,Tweezer 5 0.01 mm Tips,tweezer-5-001-mm-tips,INS600095-2,UNVERIFIED,4,4,https://cdn.sanity.io/images/9b5twpc8/production/4a7b63c382992d229c9f41337f71d7c722fba315-700x700.png | https://cdn.sanity.io/images/9b5twpc8/production/6d3a8fcfd30c6e45740cd34035fd772dfed49cc9-100x100.png | https://cdn.sanity.io/images/9b5twpc8/production/70636374b01c4d14e8a3ea899244928900bcd78b-100x100.png | https://cdn.sanity.io/images/9b5twpc8/production/8e711c3a85bb14a9c2f482365dfbbd14e49bb800-100x100.png,https://cdn.sanity.io/images/9b5twpc8/production/4a7b63c382992d229c9f41337f71d7c722fba315-700x700.png | https://cdn.sanity.io/images/9b5twpc8/production/6d3a8fcfd30c6e45740cd34035fd772dfed49cc9-100x100.png | https://cdn.sanity.io/images/9b5twpc8/production/70636374b01c4d14e8a3ea899244928900bcd78b-100x100.png | https://cdn.sanity.io/images/9b5twpc8/production/8e711c3a85bb14a9c2f482365dfbbd14e49bb800-100x100.png,https://www.kentscientific.com/products/tweezer-5-001-mm-tips/
162,MANAGED_MULTI_REVIEW,Tweezer 5 0.025 mm Tips,tweezer-5-0025-mm-tips,INS750085-A,UNVERIFIED,4,4,https://cdn.sanity.io/images/9b5twpc8/production/229b4d2501392a82445af2c78512a0e9c4de178a-700x700.png | https://cdn.sanity.io/images/9b5twpc8/production/8e711c3a85bb14a9c2f482365dfbbd14e49bb800-100x100.png | https://cdn.sanity.io/images/9b5twpc8/production/6d3a8fcfd30c6e45740cd34035fd772dfed49cc9-100x100.png | https://cdn.sanity.io/images/9b5twpc8/production/9aa1197dba3958852f6184b90df03c32aeec060b-100x100.png,https://cdn.sanity.io/images/9b5twpc8/production/229b4d2501392a82445af2c78512a0e9c4de178a-700x700.png | https://cdn.sanity.io/images/9b5twpc8/production/8e711c3a85bb14a9c2f482365dfbbd14e49bb800-100x100.png | https://cdn.sanity.io/images/9b5twpc8/production/6d3a8fcfd30c6e45740cd34035fd772dfed49cc9-100x100.png | https://cdn.sanity.io/images/9b5twpc8/production/9aa1197dba3958852f6184b90df03c32aeec060b-100x100.png,https://www.kentscientific.com/products/tweezer-5-0025-mm-tips/
163,MANAGED_MULTI_REVIEW,Tweezer 5 0.06 mm Tips Curved,tweezer-5-006-mm-tips-curved,INS750232-2,UNVERIFIED,4,4,https://cdn.sanity.io/images/9b5twpc8/production/fa5f61c2fce14f1653271e9097d8d0cab63c2d99-700x700.png | https://cdn.sanity.io/images/9b5twpc8/production/9aa1197dba3958852f6184b90df03c32aeec060b-100x100.png | https://cdn.sanity.io/images/9b5twpc8/production/8e711c3a85bb14a9c2f482365dfbbd14e49bb800-100x100.png | https://cdn.sanity.io/images/9b5twpc8/production/08eb10e3c5ebc6962c16e125c46ba8792f34f9c6-100x100.png,https://cdn.sanity.io/images/9b5twpc8/production/fa5f61c2fce14f1653271e9097d8d0cab63c2d99-700x700.png | https://cdn.sanity.io/images/9b5twpc8/production/9aa1197dba3958852f6184b90df03c32aeec060b-100x100.png | https://cdn.sanity.io/images/9b5twpc8/production/8e711c3a85bb14a9c2f482365dfbbd14e49bb800-100x100.png | https://cdn.sanity.io/images/9b5twpc8/production/08eb10e3c5ebc6962c16e125c46ba8792f34f9c6-100x100.png,https://www.kentscientific.com/products/tweezer-5-006-mm-tips-curved/
164,MANAGED_MULTI_REVIEW,Tweezer 5B 0.01 mm Tips 45 Angle,tweezer-5b-001-mm-tips-45-angle,INS750234,UNVERIFIED,4,4,https://cdn.sanity.io/images/9b5twpc8/production/cae8b02980f26a78d122c95a8aca871b107d6e6e-700x700.png | https://cdn.sanity.io/images/9b5twpc8/production/8138dfad7874afdc8f847c5912098c772c3e24fa-100x100.png | https://cdn.sanity.io/images/9b5twpc8/production/08eb10e3c5ebc6962c16e125c46ba8792f34f9c6-100x100.png | https://cdn.sanity.io/images/9b5twpc8/production/8959a391e6abd6155bbc4d26fa04bb584ea6e235-100x100.png,https://cdn.sanity.io/images/9b5twpc8/production/cae8b02980f26a78d122c95a8aca871b107d6e6e-700x700.png | https://cdn.sanity.io/images/9b5twpc8/production/8138dfad7874afdc8f847c5912098c772c3e24fa-100x100.png | https://cdn.sanity.io/images/9b5twpc8/production/08eb10e3c5ebc6962c16e125c46ba8792f34f9c6-100x100.png | https://cdn.sanity.io/images/9b5twpc8/production/8959a391e6abd6155bbc4d26fa04bb584ea6e235-100x100.png,https://www.kentscientific.com/products/tweezer-5b-001-mm-tips-45-angle/
165,MANAGED_MULTI_REVIEW,Type JKT Thermocouple Meter,type-jkt-thermocouple-meter,WD-20250-91,UNVERIFIED,4,4,https://cdn.sanity.io/images/9b5twpc8/production/9461ccb764ce5a5bfb682238d2e46869b421f171-700x700.png | https://cdn.sanity.io/images/9b5twpc8/production/db6aa3775c018758c8c7373ef45a746366638282-100x100.png | https://cdn.sanity.io/images/9b5twpc8/production/a255c2e064d7c60110c3ca6d3f26f2a21be2a684-100x100.png | https://cdn.sanity.io/images/9b5twpc8/production/aef476ce578f88216a1914f87bf66c6ccc7e4e9f-100x100.jpg,https://cdn.sanity.io/images/9b5twpc8/production/9461ccb764ce5a5bfb682238d2e46869b421f171-700x700.png | https://cdn.sanity.io/images/9b5twpc8/production/db6aa3775c018758c8c7373ef45a746366638282-100x100.png | https://cdn.sanity.io/images/9b5twpc8/production/a255c2e064d7c60110c3ca6d3f26f2a21be2a684-100x100.png | https://cdn.sanity.io/images/9b5twpc8/production/aef476ce578f88216a1914f87bf66c6ccc7e4e9f-100x100.jpg,https://www.kentscientific.com/products/type-jkt-thermocouple-meter/
166,MANAGED_MULTI_REVIEW,Vaporizer for Isoflurane Funnel Filled,vaporizer-for-isoflurane-funnel-filled,VETFLO-1231,UNVERIFIED,4,5,https://cdn.sanity.io/images/9b5twpc8/production/36dcc55bd3ed7c6ffa2f83dc4037eb77fb98f96c-700x700.png | https://cdn.sanity.io/images/9b5twpc8/production/72a20dde06626ade672621cf82394e317e103b72-100x100.png | https://cdn.sanity.io/images/9b5twpc8/production/c7e7cef91703ad046c96e2feaf3825eb508c34ec-100x100.png | https://cdn.sanity.io/images/9b5twpc8/production/56bc8f4f5d2dca7644310c3601dc3746737f5d1f-100x100.png,https://cdn.sanity.io/images/9b5twpc8/production/36dcc55bd3ed7c6ffa2f83dc4037eb77fb98f96c-700x700.png | https://cdn.sanity.io/images/9b5twpc8/production/72a20dde06626ade672621cf82394e317e103b72-100x100.png | https://cdn.sanity.io/images/9b5twpc8/production/c7e7cef91703ad046c96e2feaf3825eb508c34ec-100x100.png | https://cdn.sanity.io/images/9b5twpc8/production/56bc8f4f5d2dca7644310c3601dc3746737f5d1f-100x100.png | https://www.kentscientific.com/wp-content/uploads/2025/09/canister-600x600.png,https://www.kentscientific.com/products/vaporizer-for-isoflurane-funnel-filled/
167,MANAGED_MULTI_REVIEW,Vaporizer for Isoflurane Key Filled,vaporizer-for-isoflurane-key-filled,VETFLO-1231K,UNVERIFIED,4,4,https://cdn.sanity.io/images/9b5twpc8/production/91c412d96aded6c33a7c519bfac85503fdc0a870-700x700.png | https://cdn.sanity.io/images/9b5twpc8/production/56bc8f4f5d2dca7644310c3601dc3746737f5d1f-100x100.png | https://cdn.sanity.io/images/9b5twpc8/production/72a20dde06626ade672621cf82394e317e103b72-100x100.png | https://cdn.sanity.io/images/9b5twpc8/production/238cba231390287d70eac7ffde543284df0c2dbb-100x100.png,https://cdn.sanity.io/images/9b5twpc8/production/91c412d96aded6c33a7c519bfac85503fdc0a870-700x700.png | https://cdn.sanity.io/images/9b5twpc8/production/56bc8f4f5d2dca7644310c3601dc3746737f5d1f-100x100.png | https://cdn.sanity.io/images/9b5twpc8/production/72a20dde06626ade672621cf82394e317e103b72-100x100.png | https://cdn.sanity.io/images/9b5twpc8/production/238cba231390287d70eac7ffde543284df0c2dbb-100x100.png,https://www.kentscientific.com/products/vaporizer-for-isoflurane-key-filled/
168,MANAGED_MULTI_REVIEW,Vaporizer for Sevoflurane Key Filled,vaporizer-for-sevoflurane-key-filled,VETFLO-1235K,UNVERIFIED,4,4,https://cdn.sanity.io/images/9b5twpc8/production/f9c3316e274960b6d2d2f2a3fb3f78770b63f395-700x700.png | https://cdn.sanity.io/images/9b5twpc8/production/238cba231390287d70eac7ffde543284df0c2dbb-100x100.png | https://cdn.sanity.io/images/9b5twpc8/production/56bc8f4f5d2dca7644310c3601dc3746737f5d1f-100x100.png | https://cdn.sanity.io/images/9b5twpc8/production/2282f2967c11c8f58cd71118e8c70a22f32b138e-100x100.png,https://cdn.sanity.io/images/9b5twpc8/production/f9c3316e274960b6d2d2f2a3fb3f78770b63f395-700x700.png | https://cdn.sanity.io/images/9b5twpc8/production/238cba231390287d70eac7ffde543284df0c2dbb-100x100.png | https://cdn.sanity.io/images/9b5twpc8/production/56bc8f4f5d2dca7644310c3601dc3746737f5d1f-100x100.png | https://cdn.sanity.io/images/9b5twpc8/production/2282f2967c11c8f58cd71118e8c70a22f32b138e-100x100.png,https://www.kentscientific.com/products/vaporizer-for-sevoflurane-key-filled/
169,MANAGED_MULTI_REVIEW,Vessel Cannulation Kit,mouse-and-rat-vessel-cannulation-kit,INSVCKIT,UNVERIFIED,4,4,https://cdn.sanity.io/images/9b5twpc8/production/41124bbebad76a9a865fdaca3c6c779412b8987a-700x700.png | https://cdn.sanity.io/images/9b5twpc8/production/7a3edd7fe509027a0a450cbfcc754c83ea31b81f-100x100.png | https://cdn.sanity.io/images/9b5twpc8/production/071d0b671cde93232c3da4749fa3bc8150dbadf9-100x100.png | https://cdn.sanity.io/images/9b5twpc8/production/d3417347ab6739203b9cc23fbc8e36227e798256-100x100.png,https://cdn.sanity.io/images/9b5twpc8/production/41124bbebad76a9a865fdaca3c6c779412b8987a-700x700.png | https://cdn.sanity.io/images/9b5twpc8/production/7a3edd7fe509027a0a450cbfcc754c83ea31b81f-100x100.png | https://cdn.sanity.io/images/9b5twpc8/production/071d0b671cde93232c3da4749fa3bc8150dbadf9-100x100.png | https://cdn.sanity.io/images/9b5twpc8/production/d3417347ab6739203b9cc23fbc8e36227e798256-100x100.png,https://www.kentscientific.com/products/mouse-and-rat-vessel-cannulation-kit/
170,MANAGED_MULTI_REVIEW,VetFlo™ Four Channel Anesthesia Stand,vetflo-four-channel-anesthesia-stand,VETFLO-1220,UNVERIFIED,8,8,https://cdn.sanity.io/images/9b5twpc8/production/1812851e136cf248b1423bc784472227254baf33-700x700.png | https://cdn.sanity.io/images/9b5twpc8/production/a0099674cc7add966c9b3dbecdd1659bd9a8552c-700x700.png | https://cdn.sanity.io/images/9b5twpc8/production/4f528fe5b3e97d7e4398ef06c695cd01a3521ae7-700x700.png | https://cdn.sanity.io/images/9b5twpc8/production/2282f2967c11c8f58cd71118e8c70a22f32b138e-100x100.png | https://cdn.sanity.io/images/9b5twpc8/production/46d468301c092a9dfedf869ed4066510e6371b2c-100x100.png | https://cdn.sanity.io/images/9b5twpc8/production/1253f99192273d17056ce3bff005bb8ea881fb00-100x100.png | https://cdn.sanity.io/images/9b5twpc8/production/238cba231390287d70eac7ffde543284df0c2dbb-100x100.png | https://cdn.sanity.io/images/9b5twpc8/production/8656cf36f24f0851d1bf481d55807c63087ff06d-100x100.png,https://cdn.sanity.io/images/9b5twpc8/production/1812851e136cf248b1423bc784472227254baf33-700x700.png | https://cdn.sanity.io/images/9b5twpc8/production/a0099674cc7add966c9b3dbecdd1659bd9a8552c-700x700.png | https://cdn.sanity.io/images/9b5twpc8/production/4f528fe5b3e97d7e4398ef06c695cd01a3521ae7-700x700.png | https://cdn.sanity.io/images/9b5twpc8/production/2282f2967c11c8f58cd71118e8c70a22f32b138e-100x100.png | https://cdn.sanity.io/images/9b5twpc8/production/46d468301c092a9dfedf869ed4066510e6371b2c-100x100.png | https://cdn.sanity.io/images/9b5twpc8/production/1253f99192273d17056ce3bff005bb8ea881fb00-100x100.png | https://cdn.sanity.io/images/9b5twpc8/production/238cba231390287d70eac7ffde543284df0c2dbb-100x100.png | https://cdn.sanity.io/images/9b5twpc8/production/8656cf36f24f0851d1bf481d55807c63087ff06d-100x100.png,https://www.kentscientific.com/products/vetflo-four-channel-anesthesia-stand/
171,MANAGED_MULTI_REVIEW,VetFlo™ Single Channel Anesthesia Stand,vetflo-single-channel-anesthesia-stand,VETFLO-1205,UNVERIFIED,8,9,https://cdn.sanity.io/images/9b5twpc8/production/5e31cc81b634192f11471cba57068b3a16c7e6bb-700x700.png | https://cdn.sanity.io/images/9b5twpc8/production/ee0f3e19af2d3914a16d1e4846e24087944a7448-700x700.png | https://cdn.sanity.io/images/9b5twpc8/production/4f528fe5b3e97d7e4398ef06c695cd01a3521ae7-700x700.png | https://cdn.sanity.io/images/9b5twpc8/production/8656cf36f24f0851d1bf481d55807c63087ff06d-100x100.png | https://cdn.sanity.io/images/9b5twpc8/production/9243b8b1f6162803513e44cbed762e26637903a2-100x100.png | https://cdn.sanity.io/images/9b5twpc8/production/1253f99192273d17056ce3bff005bb8ea881fb00-100x100.png | https://cdn.sanity.io/images/9b5twpc8/production/2282f2967c11c8f58cd71118e8c70a22f32b138e-100x100.png | https://cdn.sanity.io/images/9b5twpc8/production/51dcbff5ffdca2922ec4a455c9a7c841d14213ec-100x100.png,https://cdn.sanity.io/images/9b5twpc8/production/5e31cc81b634192f11471cba57068b3a16c7e6bb-700x700.png | https://cdn.sanity.io/images/9b5twpc8/production/ee0f3e19af2d3914a16d1e4846e24087944a7448-700x700.png | https://cdn.sanity.io/images/9b5twpc8/production/4f528fe5b3e97d7e4398ef06c695cd01a3521ae7-700x700.png | https://cdn.sanity.io/images/9b5twpc8/production/8656cf36f24f0851d1bf481d55807c63087ff06d-100x100.png | https://cdn.sanity.io/images/9b5twpc8/production/9243b8b1f6162803513e44cbed762e26637903a2-100x100.png | https://cdn.sanity.io/images/9b5twpc8/production/1253f99192273d17056ce3bff005bb8ea881fb00-100x100.png | https://cdn.sanity.io/images/9b5twpc8/production/2282f2967c11c8f58cd71118e8c70a22f32b138e-100x100.png | https://cdn.sanity.io/images/9b5twpc8/production/51dcbff5ffdca2922ec4a455c9a7c841d14213ec-100x100.png | https://www.kentscientific.com/wp-content/uploads/2025/09/VetFlo-1205-600x600.png,https://www.kentscientific.com/products/vetflo-single-channel-anesthesia-stand/
172,MANAGED_MULTI_REVIEW,VetFlo™ Six Channel Anesthesia Stand,vetflo-six-channel-anesthesia-stand,VETFLO-1225,UNVERIFIED,8,8,https://cdn.sanity.io/images/9b5twpc8/production/d35a1c6aafcb9a215d3675c8d138a93cbb037600-700x700.png | https://cdn.sanity.io/images/9b5twpc8/production/72292ac8625dce521daadf26548b083b34e81bb7-700x700.png | https://cdn.sanity.io/images/9b5twpc8/production/4f528fe5b3e97d7e4398ef06c695cd01a3521ae7-700x700.png | https://cdn.sanity.io/images/9b5twpc8/production/51dcbff5ffdca2922ec4a455c9a7c841d14213ec-100x100.png | https://cdn.sanity.io/images/9b5twpc8/production/7ba787d344fa01e12cdb8d5fd81f7390400b23c1-100x100.png | https://cdn.sanity.io/images/9b5twpc8/production/1253f99192273d17056ce3bff005bb8ea881fb00-100x100.png | https://cdn.sanity.io/images/9b5twpc8/production/8656cf36f24f0851d1bf481d55807c63087ff06d-100x100.png | https://cdn.sanity.io/images/9b5twpc8/production/e3e043a259248153db8deb4845f94373aaa228b4-100x100.png,https://cdn.sanity.io/images/9b5twpc8/production/d35a1c6aafcb9a215d3675c8d138a93cbb037600-700x700.png | https://cdn.sanity.io/images/9b5twpc8/production/72292ac8625dce521daadf26548b083b34e81bb7-700x700.png | https://cdn.sanity.io/images/9b5twpc8/production/4f528fe5b3e97d7e4398ef06c695cd01a3521ae7-700x700.png | https://cdn.sanity.io/images/9b5twpc8/production/51dcbff5ffdca2922ec4a455c9a7c841d14213ec-100x100.png | https://cdn.sanity.io/images/9b5twpc8/production/7ba787d344fa01e12cdb8d5fd81f7390400b23c1-100x100.png | https://cdn.sanity.io/images/9b5twpc8/production/1253f99192273d17056ce3bff005bb8ea881fb00-100x100.png | https://cdn.sanity.io/images/9b5twpc8/production/8656cf36f24f0851d1bf481d55807c63087ff06d-100x100.png | https://cdn.sanity.io/images/9b5twpc8/production/e3e043a259248153db8deb4845f94373aaa228b4-100x100.png,https://www.kentscientific.com/products/vetflo-six-channel-anesthesia-stand/
173,MANAGED_MULTI_REVIEW,VetFlo™ Two Channel Anesthesia Stand,vetflo-two-channel-anesthesia-stand,VETFLO-1215,UNVERIFIED,8,8,https://cdn.sanity.io/images/9b5twpc8/production/2fd3877bdc419a4deb78aa8f4c5d41281f288d5c-700x700.png | https://cdn.sanity.io/images/9b5twpc8/production/f7ed10d78f0c92eb66985c200c070e87aec6c346-700x700.png | https://cdn.sanity.io/images/9b5twpc8/production/4f528fe5b3e97d7e4398ef06c695cd01a3521ae7-700x700.png | https://cdn.sanity.io/images/9b5twpc8/production/e3e043a259248153db8deb4845f94373aaa228b4-100x100.png | https://cdn.sanity.io/images/9b5twpc8/production/44fc30d4cd8ebcb2b99fe1c3d07456019d25502a-100x100.png | https://cdn.sanity.io/images/9b5twpc8/production/1253f99192273d17056ce3bff005bb8ea881fb00-100x100.png | https://cdn.sanity.io/images/9b5twpc8/production/51dcbff5ffdca2922ec4a455c9a7c841d14213ec-100x100.png | https://cdn.sanity.io/images/9b5twpc8/production/f97b0ddb92b3f0ba4fd96e770010b63555379949-100x100.png,https://cdn.sanity.io/images/9b5twpc8/production/2fd3877bdc419a4deb78aa8f4c5d41281f288d5c-700x700.png | https://cdn.sanity.io/images/9b5twpc8/production/f7ed10d78f0c92eb66985c200c070e87aec6c346-700x700.png | https://cdn.sanity.io/images/9b5twpc8/production/4f528fe5b3e97d7e4398ef06c695cd01a3521ae7-700x700.png | https://cdn.sanity.io/images/9b5twpc8/production/e3e043a259248153db8deb4845f94373aaa228b4-100x100.png | https://cdn.sanity.io/images/9b5twpc8/production/44fc30d4cd8ebcb2b99fe1c3d07456019d25502a-100x100.png | https://cdn.sanity.io/images/9b5twpc8/production/1253f99192273d17056ce3bff005bb8ea881fb00-100x100.png | https://cdn.sanity.io/images/9b5twpc8/production/51dcbff5ffdca2922ec4a455c9a7c841d14213ec-100x100.png | https://cdn.sanity.io/images/9b5twpc8/production/f97b0ddb92b3f0ba4fd96e770010b63555379949-100x100.png,https://www.kentscientific.com/products/vetflo-two-channel-anesthesia-stand/
174,MANAGED_MULTI_REVIEW,VetFlo™ Vaporizer,vaporizer-with-vetflo-single-channel-anesthesia-stand,N/A,UNVERIFIED,13,14,https://cdn.sanity.io/images/9b5twpc8/production/576a59e27b15af71f26185158b0c206315891c28-700x700.png | https://cdn.sanity.io/images/9b5twpc8/production/7705e521e858624ef83070fd7861b4a194ed417f-800x640.jpg | https://cdn.sanity.io/images/9b5twpc8/production/8e9bd43f672caad31e17dc5c838f6ab03f58b478-800x571.jpg | https://cdn.sanity.io/images/9b5twpc8/production/3eda5f1d9e30ceadefe40095f64a44cbc8365151-414x800.jpg | https://cdn.sanity.io/images/9b5twpc8/production/419d9c54c7596d77c0b6abe29884db32e8d4907f-100x100.png | https://cdn.sanity.io/images/9b5twpc8/production/6b0a3199d3cb03179bdc68d8720b14850e4cbbe8-100x100.jpg | https://cdn.sanity.io/images/9b5twpc8/production/b93509518179c56a503fb3e6a17f98963ef742bf-100x100.jpg | https://cdn.sanity.io/images/9b5twpc8/production/565ea725ada6903260732d7f9d536d8b177c8c82-100x100.jpg | https://cdn.sanity.io/images/9b5twpc8/production/1ac6e2160022c584a5f3792fac8aee6143a80c1a-100x100.png | https://cdn.sanity.io/images/9b5twpc8/production/4e2868249f4dd42b7ed3ae6b4ef8f097b4f64cde-100x100.png | https://cdn.sanity.io/images/9b5twpc8/production/72849afe4fd7c3f56ab20bbe99e78a786f541049-168x255.jpg | https://cdn.sanity.io/images/9b5twpc8/production/38d1af37d4192bb2a861157a270e351a573a528b-47x48.svg | https://cdn.sanity.io/images/9b5twpc8/production/f8e3740e756054479c7ed4cd4fc176b2c76a5b63-112x54.png,https://cdn.sanity.io/images/9b5twpc8/production/576a59e27b15af71f26185158b0c206315891c28-700x700.png | https://cdn.sanity.io/images/9b5twpc8/production/7705e521e858624ef83070fd7861b4a194ed417f-800x640.jpg | https://cdn.sanity.io/images/9b5twpc8/production/8e9bd43f672caad31e17dc5c838f6ab03f58b478-800x571.jpg | https://cdn.sanity.io/images/9b5twpc8/production/3eda5f1d9e30ceadefe40095f64a44cbc8365151-414x800.jpg | https://cdn.sanity.io/images/9b5twpc8/production/419d9c54c7596d77c0b6abe29884db32e8d4907f-100x100.png | https://cdn.sanity.io/images/9b5twpc8/production/6b0a3199d3cb03179bdc68d8720b14850e4cbbe8-100x100.jpg | https://cdn.sanity.io/images/9b5twpc8/production/b93509518179c56a503fb3e6a17f98963ef742bf-100x100.jpg | https://cdn.sanity.io/images/9b5twpc8/production/565ea725ada6903260732d7f9d536d8b177c8c82-100x100.jpg | https://cdn.sanity.io/images/9b5twpc8/production/1ac6e2160022c584a5f3792fac8aee6143a80c1a-100x100.png | https://cdn.sanity.io/images/9b5twpc8/production/4e2868249f4dd42b7ed3ae6b4ef8f097b4f64cde-100x100.png | https://cdn.sanity.io/images/9b5twpc8/production/72849afe4fd7c3f56ab20bbe99e78a786f541049-168x255.jpg | https://cdn.sanity.io/images/9b5twpc8/production/38d1af37d4192bb2a861157a270e351a573a528b-47x48.svg | https://cdn.sanity.io/images/9b5twpc8/production/f8e3740e756054479c7ed4cd4fc176b2c76a5b63-112x54.png | https://www.kentscientific.com/wp-content/uploads/2025/09/vetflo_vaporizer_single_left-1-600x600.png,https://www.kentscientific.com/products/vaporizer-with-vetflo-single-channel-anesthesia-stand/
175,MANAGED_MULTI_REVIEW,Wahl® BravMini+ Professional Cordless Clipper Kit,bravmini-professional-cordless-trimmer-kit,CL7300-KIT,UNVERIFIED,4,4,https://cdn.sanity.io/images/9b5twpc8/production/27af503f13ea479d7c28b2a71aea326728149f03-700x700.png | https://cdn.sanity.io/images/9b5twpc8/production/9e48b3a1814331a3c7cd199f6c58b3a6c30ec389-100x100.png | https://cdn.sanity.io/images/9b5twpc8/production/ad0bb8024a82ccb2a91874db723a54cec17fa8cc-100x100.png | https://cdn.sanity.io/images/9b5twpc8/production/743660b15607207ce3747520cdfeafc47311edf6-100x100.png,https://cdn.sanity.io/images/9b5twpc8/production/27af503f13ea479d7c28b2a71aea326728149f03-700x700.png | https://cdn.sanity.io/images/9b5twpc8/production/9e48b3a1814331a3c7cd199f6c58b3a6c30ec389-100x100.png | https://cdn.sanity.io/images/9b5twpc8/production/ad0bb8024a82ccb2a91874db723a54cec17fa8cc-100x100.png | https://cdn.sanity.io/images/9b5twpc8/production/743660b15607207ce3747520cdfeafc47311edf6-100x100.png,https://www.kentscientific.com/products/bravmini-professional-cordless-trimmer-kit/
176,MANAGED_MULTI_REVIEW,Water Recirculating Warming Pads,disposable-warming-pads,TPZ-814EA,UNVERIFIED,6,6,https://cdn.sanity.io/images/9b5twpc8/production/a04fb1524b9d19da3d95a6a022973c65418b6cf4-700x700.png | https://cdn.sanity.io/images/9b5twpc8/production/096da499df17014055e6892e5160bd886d2541c3-700x700.png | https://cdn.sanity.io/images/9b5twpc8/production/61442476f7176279b39390c24171b2a89663fb3c-100x100.png | https://cdn.sanity.io/images/9b5twpc8/production/d705a64f1b5304cf861a7422797ab1e0d2fc452a-100x100.png | https://cdn.sanity.io/images/9b5twpc8/production/4d29860d7f70ea06d4a15ce3f65006ee2e7b0535-100x100.png | https://cdn.sanity.io/images/9b5twpc8/production/7a470e9627dfef05daa60f10346fd8340862d3ef-100x100.png,https://cdn.sanity.io/images/9b5twpc8/production/a04fb1524b9d19da3d95a6a022973c65418b6cf4-700x700.png | https://cdn.sanity.io/images/9b5twpc8/production/096da499df17014055e6892e5160bd886d2541c3-700x700.png | https://cdn.sanity.io/images/9b5twpc8/production/61442476f7176279b39390c24171b2a89663fb3c-100x100.png | https://cdn.sanity.io/images/9b5twpc8/production/d705a64f1b5304cf861a7422797ab1e0d2fc452a-100x100.png | https://cdn.sanity.io/images/9b5twpc8/production/4d29860d7f70ea06d4a15ce3f65006ee2e7b0535-100x100.png | https://cdn.sanity.io/images/9b5twpc8/production/7a470e9627dfef05daa60f10346fd8340862d3ef-100x100.png,https://www.kentscientific.com/products/disposable-warming-pads/
